Pressure (hPa),ICAO Height (m),Temperature (C),Dew Point (C),Wind Direction (degree),Wind Speed (knots)
994.0,0.0,13.43,7.54,65.11,5.87
994.0,15.2,13.43,7.54,65.11,5.87
994.0,30.5,13.43,7.54,65.11,5.87
994.0,45.7,13.43,7.54,65.11,5.87
994.0,61.0,13.43,7.54,65.11,5.87
994.0,76.2,13.43,7.54,65.11,5.87
994.0,91.4,13.43,7.54,65.11,5.87
994.0,106.7,13.43,7.54,65.11,5.87
994.0,121.9,13.43,7.54,65.11,5.87
994.0,137.2,13.43,7.54,65.11,5.87
993.99,152.4,13.45,7.55,65.15,5.87
993.91,167.6,13.75,7.71,65.78,5.99
993.56,182.9,14.97,8.44,72.79,6.56
993.04,198.1,16.91,9.62,84.82,7.6
992.47,213.4,19.24,10.95,99.05,8.81
991.27,228.6,19.78,11.43,105.4,9.14
989.65,243.8,19.4,11.38,107.32,9.03
988.04,259.1,19.18,11.3,109.34,9.07
986.43,274.3,18.98,11.21,111.21,9.17
984.81,289.6,18.79,11.11,113.03,9.28
983.16,304.8,18.6,11.02,114.98,9.41
981.51,320.0,18.43,10.92,117.08,9.57
979.85,335.3,18.26,10.83,119.05,9.71
978.2,350.5,18.1,10.74,119.93,9.84
976.55,365.8,17.96,10.65,120.72,9.98
974.91,381.0,17.81,10.56,121.38,10.11
973.26,396.2,17.68,10.47,121.69,10.26
971.61,411.5,17.57,10.39,122.0,10.41
969.97,426.7,17.47,10.3,122.33,10.55
968.32,442.0,17.35,10.21,122.64,10.69
966.68,457.2,17.22,10.14,122.87,10.83
965.01,472.4,17.1,10.07,122.58,10.98
963.33,487.7,17.0,9.99,122.14,11.12
961.65,502.9,16.9,9.91,121.67,11.27
959.97,518.2,16.81,9.82,121.58,11.41
958.26,533.4,16.71,9.76,121.9,11.55
956.54,548.6,16.61,9.7,122.21,11.69
954.83,563.9,16.52,9.64,122.54,11.82
953.12,579.1,16.43,9.57,122.91,11.97
951.41,594.4,16.34,9.5,123.28,12.12
949.7,609.6,16.25,9.43,123.64,12.26
948.0,624.8,16.16,9.34,124.01,12.41
946.29,640.1,16.08,9.24,124.27,12.55
944.59,655.3,16.0,9.13,124.22,12.69
942.89,670.6,15.92,9.02,124.16,12.84
941.18,685.8,15.84,8.91,124.12,12.98
939.48,701.0,15.76,8.81,123.7,13.12
937.79,716.3,15.67,8.72,123.28,13.22
936.09,731.5,15.6,8.67,123.16,13.31
934.4,746.8,15.53,8.62,125.56,13.38
932.71,762.0,15.47,8.53,129.04,13.44
931.02,777.2,15.41,8.42,132.65,13.48
929.35,792.5,15.35,8.31,134.7,13.51
927.67,807.7,15.29,8.21,135.58,13.52
925.99,823.0,15.22,8.11,136.45,13.53
924.32,838.2,15.16,8.02,137.33,13.52
922.67,853.4,15.09,7.91,138.37,13.47
921.02,868.7,15.02,7.79,139.64,13.4
919.37,883.9,14.94,7.64,140.06,13.37
917.73,899.2,14.87,7.5,139.18,13.36
916.09,914.4,14.81,7.36,137.6,13.32
914.45,929.6,14.75,7.22,136.08,13.28
912.82,944.9,14.68,7.08,134.57,13.24
911.18,960.1,14.61,6.97,135.22,13.21
909.55,975.4,14.54,6.85,137.35,13.19
907.93,990.6,14.47,6.73,140.47,13.18
906.3,1005.8,14.4,6.62,143.29,13.15
904.68,1021.1,14.33,6.53,143.87,13.11
903.06,1036.3,14.25,6.45,144.47,13.06
901.44,1051.6,14.17,6.36,145.11,12.99
899.83,1066.8,14.08,6.28,145.79,12.91
898.21,1082.0,14.0,6.2,146.47,12.83
896.6,1097.3,13.92,6.12,147.15,12.75
894.98,1112.5,13.84,6.04,147.89,12.68
893.37,1127.8,13.75,5.97,148.7,12.6
891.76,1143.0,13.66,5.91,150.09,12.53
890.15,1158.2,13.57,5.84,151.49,12.45
888.55,1173.5,13.48,5.77,152.64,12.34
886.94,1188.7,13.39,5.71,153.65,12.22
885.34,1204.0,13.3,5.64,154.74,12.1
883.72,1219.2,13.21,5.57,155.8,11.98
882.12,1234.4,13.12,5.5,156.68,11.86
880.53,1249.7,13.03,5.44,157.8,11.74
878.93,1264.9,12.94,5.37,158.92,11.62
877.34,1280.2,12.85,5.3,159.72,11.51
875.75,1295.4,12.76,5.23,159.25,11.4
874.16,1310.6,12.67,5.17,158.51,11.29
872.57,1325.9,12.58,5.09,157.76,11.19
870.98,1341.1,12.49,5.01,157.37,11.1
869.4,1356.4,12.4,4.89,157.46,11.02
867.81,1371.6,12.32,4.76,157.55,10.94
866.23,1386.8,12.23,4.62,158.93,10.86
864.65,1402.1,12.15,4.48,160.53,10.78
863.07,1417.3,12.07,4.34,162.14,10.7
861.49,1432.6,11.99,4.2,163.75,10.64
859.91,1447.8,11.91,4.06,165.33,10.58
858.34,1463.0,11.82,3.89,166.86,10.52
856.77,1478.3,11.73,3.74,168.41,10.48
855.2,1493.5,11.64,3.59,169.96,10.45
853.64,1508.8,11.55,3.51,170.7,10.45
852.07,1524.0,11.45,3.42,171.33,10.44
850.51,1539.2,11.36,3.34,173.38,10.45
848.96,1554.5,11.26,3.26,175.38,10.47
847.41,1569.7,11.17,3.16,175.78,10.46
845.87,1585.0,11.07,3.06,176.02,10.49
844.34,1600.2,10.97,2.93,176.27,10.55
842.81,1615.4,10.88,2.8,176.46,10.63
841.28,1630.7,10.78,2.67,176.56,10.68
839.75,1645.9,10.68,2.55,176.63,10.72
838.23,1661.2,10.57,2.44,176.65,10.76
836.71,1676.4,10.47,2.32,176.52,10.82
835.18,1691.6,10.37,2.2,176.39,10.87
833.66,1706.9,10.27,2.08,176.25,10.93
832.14,1722.1,10.17,1.96,176.12,10.98
830.62,1737.4,10.07,1.84,175.96,11.04
829.11,1752.6,9.97,1.72,175.8,11.1
827.59,1767.8,9.87,1.6,175.68,11.16
826.07,1783.1,9.77,1.48,175.71,11.23
824.56,1798.3,9.67,1.36,175.74,11.31
823.05,1813.6,9.57,1.23,175.75,11.38
821.54,1828.8,9.47,1.11,175.73,11.45
820.03,1844.0,9.37,0.98,175.71,11.53
818.53,1859.3,9.27,0.86,175.71,11.6
817.02,1874.5,9.17,0.73,176.13,11.67
815.53,1889.8,9.07,0.61,176.58,11.74
814.03,1905.0,8.97,0.49,176.28,11.81
812.53,1920.2,8.87,0.37,174.21,11.88
811.04,1935.5,8.77,0.25,172.05,11.94
809.54,1950.7,8.68,0.12,169.81,11.99
808.05,1966.0,8.58,-0.0,169.09,12.05
806.56,1981.2,8.48,-0.12,172.66,12.11
805.07,1996.4,8.38,-0.25,176.27,12.18
803.59,2011.7,8.29,-0.39,177.59,12.25
802.1,2026.9,8.2,-0.54,177.6,12.32
800.63,2042.2,8.11,-0.71,177.55,12.36
799.15,2057.4,8.03,-0.88,177.55,12.4
797.68,2072.6,7.94,-1.06,177.58,12.44
796.21,2087.9,7.85,-1.23,177.61,12.48
794.74,2103.1,7.76,-1.41,177.63,12.53
793.27,2118.4,7.67,-1.58,177.65,12.57
791.81,2133.6,7.59,-1.75,177.71,12.61
790.35,2148.8,7.49,-1.9,177.9,12.66
788.88,2164.1,7.4,-2.06,178.18,12.72
787.43,2179.3,7.31,-2.22,179.21,12.79
785.98,2194.6,7.22,-2.42,180.55,12.89
784.53,2209.8,7.13,-2.62,181.91,12.98
783.08,2225.0,7.04,-2.82,183.26,13.07
781.63,2240.3,6.94,-3.02,184.62,13.16
780.19,2255.5,6.85,-3.23,185.95,13.25
778.75,2270.8,6.76,-3.42,187.29,13.33
777.31,2286.0,6.67,-3.61,188.64,13.41
775.87,2301.2,6.58,-3.81,190.01,13.5
774.44,2316.5,6.49,-4.03,191.5,13.6
773.01,2331.7,6.41,-4.26,192.79,13.7
771.58,2347.0,6.32,-4.49,194.08,13.78
770.15,2362.2,6.24,-4.75,195.38,13.86
768.72,2377.4,6.16,-5.0,196.67,13.93
767.29,2392.7,6.09,-5.29,197.95,14.01
765.87,2407.9,6.02,-5.61,199.23,14.09
764.45,2423.2,5.96,-6.04,200.64,14.15
763.03,2438.4,5.91,-6.49,202.11,14.22
761.61,2453.6,5.85,-6.91,203.1,14.28
760.19,2468.9,5.79,-7.31,203.64,14.35
758.78,2484.1,5.73,-7.71,204.18,14.42
757.36,2499.4,5.68,-8.16,204.68,14.49
755.95,2514.6,5.62,-8.53,205.16,14.55
754.53,2529.8,5.56,-8.77,205.67,14.61
753.12,2545.1,5.48,-8.94,205.85,14.68
751.72,2560.3,5.41,-9.12,205.78,14.75
750.32,2575.6,5.36,-9.39,205.72,14.83
748.92,2590.8,5.31,-9.72,205.61,14.87
747.52,2606.0,5.28,-10.17,205.45,14.92
746.12,2621.3,5.26,-10.6,205.24,14.96
744.73,2636.5,5.23,-11.02,205.01,14.99
743.34,2651.8,5.18,-11.34,204.74,15.04
741.95,2667.0,5.12,-11.66,204.41,15.09
740.56,2682.2,5.06,-11.91,204.14,15.13
739.18,2697.5,4.99,-12.07,203.93,15.17
737.8,2712.7,4.92,-12.2,203.72,15.21
736.42,2728.0,4.84,-12.31,203.46,15.25
735.04,2743.2,4.77,-12.5,203.19,15.27
733.67,2758.4,4.7,-12.72,202.88,15.3
732.3,2773.7,4.63,-12.92,202.66,15.35
730.93,2788.9,4.55,-13.03,202.45,15.38
729.56,2804.2,4.47,-13.11,202.23,15.41
728.2,2819.4,4.4,-13.21,201.97,15.44
726.84,2834.6,4.33,-13.32,201.69,15.46
725.48,2849.9,4.25,-13.43,201.4,15.48
724.12,2865.1,4.18,-13.54,201.15,15.48
722.77,2880.4,4.1,-13.65,200.85,15.48
721.42,2895.6,4.03,-13.82,200.58,15.51
720.07,2910.8,3.96,-14.02,200.33,15.54
718.72,2926.1,3.9,-14.24,200.22,15.58
717.38,2941.3,3.83,-14.49,200.23,15.62
716.03,2956.6,3.76,-14.73,200.2,15.66
714.68,2971.8,3.69,-14.99,200.19,15.71
713.34,2987.0,3.62,-15.25,200.2,15.75
712.0,3002.3,3.54,-15.5,200.23,15.8
710.66,3017.5,3.47,-15.76,200.25,15.85
709.32,3032.8,3.39,-15.93,200.29,15.91
707.98,3048.0,3.3,-16.02,200.31,15.97
706.65,3063.2,3.22,-16.13,200.38,16.03
705.32,3078.5,3.14,-16.27,200.44,16.09
703.99,3093.7,3.05,-16.43,200.52,16.15
702.66,3109.0,2.97,-16.58,200.58,16.22
701.34,3124.2,2.89,-16.74,200.59,16.28
700.02,3139.4,2.81,-16.93,200.56,16.35
698.71,3154.7,2.74,-17.13,200.53,16.39
697.41,3169.9,2.67,-17.31,200.42,16.42
696.12,3185.2,2.6,-17.5,200.28,16.44
694.83,3200.4,2.52,-17.67,200.26,16.45
693.54,3215.6,2.44,-17.78,200.25,16.45
692.25,3230.9,2.36,-17.91,200.26,16.44
690.96,3246.1,2.28,-18.07,200.29,16.45
689.67,3261.4,2.19,-18.24,200.3,16.45
688.39,3276.6,2.11,-18.44,200.31,16.45
687.1,3291.8,2.03,-18.66,200.31,16.44
685.82,3307.1,1.95,-18.88,200.34,16.43
684.53,3322.3,1.87,-19.09,200.42,16.41
683.25,3337.6,1.79,-19.3,200.51,16.41
681.98,3352.8,1.71,-19.49,200.61,16.41
680.7,3368.0,1.64,-19.63,200.7,16.43
679.43,3383.3,1.56,-19.76,200.77,16.44
678.16,3398.5,1.48,-19.88,200.89,16.46
676.89,3413.8,1.39,-19.95,200.93,16.48
675.63,3429.0,1.29,-20.01,200.96,16.5
674.36,3444.2,1.2,-20.08,200.99,16.53
673.1,3459.5,1.11,-20.14,200.94,16.54
671.84,3474.7,1.02,-20.2,200.86,16.56
670.58,3490.0,0.93,-20.27,200.78,16.58
669.32,3505.2,0.84,-20.35,200.7,16.6
668.06,3520.4,0.75,-20.45,200.6,16.61
666.81,3535.7,0.67,-20.54,200.43,16.64
665.55,3550.9,0.58,-20.65,200.35,16.66
664.3,3566.2,0.49,-20.77,200.24,16.68
663.05,3581.4,0.4,-20.91,200.16,16.71
661.8,3596.6,0.31,-21.09,200.1,16.74
660.56,3611.9,0.22,-21.27,200.05,16.77
659.31,3627.1,0.13,-21.42,199.99,16.81
658.07,3642.4,0.04,-21.55,199.93,16.85
656.82,3657.6,-0.04,-21.69,199.88,16.89
655.58,3672.8,-0.13,-21.84,199.8,16.94
654.34,3688.1,-0.21,-21.96,199.73,16.98
653.1,3703.3,-0.3,-22.06,199.65,17.02
651.86,3718.6,-0.38,-22.16,199.58,17.07
650.62,3733.8,-0.47,-22.26,199.49,17.11
649.39,3749.0,-0.55,-22.35,199.35,17.15
648.16,3764.3,-0.64,-22.42,199.23,17.22
646.92,3779.5,-0.73,-22.49,199.12,17.3
645.7,3794.8,-0.82,-22.56,199.02,17.37
644.47,3810.0,-0.92,-22.63,198.96,17.43
643.24,3825.2,-1.01,-22.7,198.92,17.49
642.01,3840.5,-1.1,-22.76,198.88,17.55
640.79,3855.7,-1.19,-22.81,198.85,17.61
639.56,3871.0,-1.29,-22.86,198.79,17.66
638.33,3886.2,-1.38,-22.92,198.72,17.72
637.11,3901.4,-1.48,-22.94,198.72,17.79
635.89,3916.7,-1.57,-22.96,198.76,17.86
634.67,3931.9,-1.66,-22.98,198.87,17.92
633.45,3947.2,-1.75,-23.05,198.95,17.98
632.24,3962.4,-1.84,-23.15,199.02,18.04
631.03,3977.6,-1.93,-23.27,199.13,18.08
629.82,3992.9,-2.02,-23.42,199.24,18.12
628.61,4008.1,-2.11,-23.57,199.37,18.17
627.4,4023.4,-2.2,-23.73,199.51,18.21
626.2,4038.6,-2.29,-23.87,199.65,18.25
625.0,4053.8,-2.38,-24.02,199.85,18.3
623.81,4069.1,-2.48,-24.18,200.03,18.33
622.61,4084.3,-2.56,-24.37,200.22,18.37
621.42,4099.6,-2.65,-24.57,200.41,18.42
620.22,4114.8,-2.74,-24.77,200.61,18.46
619.03,4130.0,-2.83,-24.97,200.84,18.5
617.84,4145.3,-2.92,-25.16,201.05,18.53
616.65,4160.5,-3.0,-25.37,201.22,18.56
615.46,4175.8,-3.09,-25.63,201.38,18.59
614.27,4191.0,-3.18,-25.84,201.52,18.64
613.09,4206.2,-3.27,-26.06,201.66,18.68
611.9,4221.5,-3.36,-26.22,201.81,18.73
610.72,4236.7,-3.46,-26.33,201.98,18.77
609.54,4252.0,-3.56,-26.44,202.1,18.81
608.36,4267.2,-3.65,-26.54,202.22,18.85
607.19,4282.4,-3.75,-26.54,202.53,18.88
606.02,4297.7,-3.85,-26.48,202.86,18.91
604.85,4312.9,-3.95,-26.43,203.21,18.93
603.68,4328.2,-4.05,-26.37,203.56,18.96
602.51,4343.4,-4.14,-26.39,203.88,18.99
601.35,4358.6,-4.24,-26.4,204.19,19.03
600.19,4373.9,-4.33,-26.42,204.51,19.06
599.03,4389.1,-4.42,-26.45,204.76,19.1
597.88,4404.4,-4.52,-26.5,204.99,19.13
596.72,4419.6,-4.61,-26.54,205.22,19.16
595.57,4434.8,-4.7,-26.6,205.44,19.19
594.41,4450.1,-4.78,-26.79,205.69,19.23
593.26,4465.3,-4.86,-26.99,205.97,19.28
592.11,4480.6,-4.95,-27.15,206.26,19.32
590.96,4495.8,-5.04,-27.26,206.55,19.34
589.82,4511.0,-5.13,-27.37,206.82,19.38
588.67,4526.3,-5.23,-27.48,207.05,19.41
587.53,4541.5,-5.32,-27.59,207.28,19.44
586.39,4556.8,-5.42,-27.68,207.59,19.48
585.25,4572.0,-5.51,-27.77,207.9,19.51
584.11,4587.2,-5.61,-27.88,208.15,19.55
582.98,4602.5,-5.7,-28.01,208.37,19.6
581.84,4617.7,-5.79,-28.13,208.59,19.65
580.71,4633.0,-5.88,-28.26,208.81,19.7
579.58,4648.2,-5.97,-28.38,209.03,19.76
578.45,4663.4,-6.06,-28.51,209.26,19.83
577.32,4678.7,-6.16,-28.61,209.64,19.9
576.2,4693.9,-6.25,-28.7,210.09,19.97
575.07,4709.2,-6.35,-28.76,210.53,20.05
573.95,4724.4,-6.44,-28.82,210.94,20.12
572.83,4739.6,-6.54,-28.86,211.36,20.2
571.71,4754.9,-6.63,-28.84,211.77,20.28
570.59,4770.1,-6.73,-28.83,212.17,20.34
569.48,4785.4,-6.82,-28.82,212.57,20.4
568.36,4800.6,-6.92,-28.8,213.03,20.46
567.25,4815.8,-7.01,-28.79,213.5,20.53
566.14,4831.1,-7.11,-28.75,213.97,20.59
565.03,4846.3,-7.21,-28.78,214.46,20.66
563.93,4861.6,-7.31,-28.85,214.99,20.73
562.83,4876.8,-7.4,-28.96,215.55,20.79
561.74,4892.0,-7.5,-29.08,217.11,20.88
560.65,4907.3,-7.59,-29.19,218.64,20.96
559.56,4922.5,-7.68,-29.29,220.18,21.05
558.47,4937.8,-7.78,-29.39,221.71,21.13
557.39,4953.0,-7.88,-29.49,223.23,21.21
556.3,4968.2,-7.97,-29.59,224.73,21.29
555.22,4983.5,-8.07,-29.7,226.24,21.37
554.13,4998.7,-8.16,-29.82,226.83,21.45
553.05,5014.0,-8.25,-29.97,227.02,21.52
551.97,5029.2,-8.35,-30.13,227.17,21.6
550.89,5044.4,-8.45,-30.28,227.34,21.67
549.81,5059.7,-8.55,-30.42,227.52,21.75
548.74,5074.9,-8.64,-30.63,227.69,21.82
547.66,5090.2,-8.73,-30.86,227.87,21.9
546.59,5105.4,-8.82,-31.1,227.99,21.98
545.52,5120.6,-8.91,-31.35,228.13,22.06
544.45,5135.9,-9.0,-31.59,228.27,22.14
543.38,5151.1,-9.09,-31.67,228.41,22.21
542.31,5166.4,-9.18,-31.76,228.56,22.27
541.24,5181.6,-9.27,-31.84,228.69,22.33
540.17,5196.8,-9.37,-31.94,228.82,22.39
539.11,5212.1,-9.47,-32.02,228.95,22.45
538.04,5227.3,-9.58,-32.07,229.08,22.51
536.98,5242.6,-9.68,-32.11,229.25,22.57
535.92,5257.8,-9.79,-32.16,229.48,22.62
534.86,5273.0,-9.89,-32.21,229.77,22.67
533.8,5288.3,-10.0,-32.25,230.08,22.71
532.74,5303.5,-10.11,-32.3,230.4,22.76
531.69,5318.8,-10.21,-32.34,230.76,22.8
530.63,5334.0,-10.32,-32.39,231.2,22.83
529.57,5349.2,-10.43,-32.44,231.66,22.87
528.52,5364.5,-10.53,-32.53,232.06,22.92
527.47,5379.7,-10.64,-32.64,232.32,22.97
526.41,5395.0,-10.75,-32.75,232.56,23.02
525.36,5410.2,-10.85,-32.89,233.01,23.08
524.32,5425.4,-10.94,-33.07,233.67,23.14
523.27,5440.7,-11.04,-33.26,234.31,23.19
522.22,5455.9,-11.14,-33.43,234.94,23.25
521.18,5471.2,-11.23,-33.6,235.56,23.3
520.13,5486.4,-11.34,-33.71,236.09,23.36
519.09,5501.6,-11.45,-33.82,236.57,23.44
518.04,5516.9,-11.56,-33.92,237.03,23.53
517.0,5532.1,-11.66,-34.02,237.5,23.63
515.97,5547.4,-11.77,-34.12,237.98,23.72
514.93,5562.6,-11.88,-34.22,238.46,23.82
513.89,5577.8,-11.98,-34.33,238.94,23.91
512.85,5593.1,-12.09,-34.44,239.42,24.01
511.82,5608.3,-12.19,-34.59,239.89,24.08
510.78,5623.6,-12.28,-34.78,240.35,24.13
509.75,5638.8,-12.37,-34.98,240.81,24.19
508.72,5654.0,-12.45,-35.18,241.27,24.24
507.69,5669.3,-12.54,-35.38,241.76,24.29
506.66,5684.5,-12.63,-35.59,242.32,24.33
505.63,5699.8,-12.71,-35.77,242.93,24.38
504.61,5715.0,-12.8,-35.94,243.57,24.44
503.59,5730.2,-12.89,-36.1,244.06,24.5
502.58,5745.5,-12.99,-36.24,244.18,24.56
501.56,5760.7,-13.08,-36.4,244.33,24.63
500.55,5776.0,-13.18,-36.55,244.53,24.7
499.55,5791.2,-13.28,-36.71,244.72,24.76
498.56,5806.4,-13.37,-36.89,244.91,24.82
497.56,5821.7,-13.47,-37.08,245.13,24.88
496.57,5836.9,-13.56,-37.25,245.19,24.95
495.58,5852.2,-13.66,-37.42,245.05,25.01
494.59,5867.4,-13.76,-37.59,244.88,25.09
493.61,5882.6,-13.86,-37.72,244.69,25.18
492.63,5897.9,-13.97,-37.82,244.49,25.26
491.65,5913.1,-14.06,-37.94,244.28,25.35
490.67,5928.4,-14.16,-38.07,244.06,25.45
489.7,5943.6,-14.26,-38.18,243.79,25.58
488.72,5958.8,-14.36,-38.3,243.51,25.72
487.75,5974.1,-14.47,-38.42,243.27,25.86
486.78,5989.3,-14.57,-38.53,243.01,26.0
485.81,6004.6,-14.67,-38.65,242.75,26.14
484.83,6019.8,-14.77,-38.74,242.49,26.28
483.87,6035.0,-14.87,-38.78,242.22,26.4
482.9,6050.3,-14.98,-38.79,241.91,26.52
481.94,6065.5,-15.09,-38.8,241.57,26.64
480.97,6080.8,-15.19,-38.81,241.2,26.77
480.01,6096.0,-15.3,-38.82,240.82,26.88
479.05,6111.2,-15.4,-38.85,240.46,26.99
478.09,6126.5,-15.51,-38.95,240.18,27.09
477.14,6141.7,-15.61,-39.05,240.25,27.19
476.19,6157.0,-15.71,-39.16,240.35,27.3
475.24,6172.2,-15.81,-39.26,240.47,27.41
474.29,6187.4,-15.91,-39.35,240.6,27.51
473.34,6202.7,-16.02,-39.44,240.72,27.62
472.39,6217.9,-16.12,-39.51,240.81,27.72
471.44,6233.2,-16.23,-39.6,240.9,27.83
470.5,6248.4,-16.33,-39.68,241.0,27.9
469.55,6263.6,-16.44,-39.76,241.14,27.97
468.61,6278.9,-16.54,-39.84,241.3,28.05
467.66,6294.1,-16.64,-39.89,241.45,28.13
466.72,6309.4,-16.74,-39.95,241.61,28.2
465.77,6324.6,-16.85,-40.04,241.76,28.27
464.83,6339.8,-16.95,-40.17,241.92,28.34
463.89,6355.1,-17.06,-40.28,242.05,28.41
462.95,6370.3,-17.17,-40.39,242.18,28.47
462.02,6385.6,-17.27,-40.5,242.32,28.53
461.08,6400.8,-17.38,-40.6,242.44,28.59
460.15,6416.0,-17.48,-40.72,242.55,28.64
459.22,6431.3,-17.59,-40.84,242.66,28.69
458.29,6446.5,-17.69,-40.96,242.76,28.74
457.36,6461.8,-17.8,-41.05,242.85,28.79
456.43,6477.0,-17.9,-41.12,242.92,28.85
455.51,6492.2,-18.01,-41.18,243.0,28.91
454.58,6507.5,-18.11,-41.27,243.07,28.99
453.65,6522.7,-18.21,-41.36,243.15,29.05
452.73,6538.0,-18.3,-41.47,243.23,29.11
451.81,6553.2,-18.4,-41.57,243.32,29.18
450.89,6568.4,-18.49,-41.68,243.41,29.24
449.96,6583.7,-18.59,-41.8,243.51,29.31
449.04,6598.9,-18.69,-41.91,243.62,29.38
448.13,6614.2,-18.79,-42.09,243.75,29.44
447.21,6629.4,-18.88,-42.28,243.88,29.51
446.29,6644.6,-18.97,-42.44,244.06,29.58
445.38,6659.9,-19.07,-42.58,244.21,29.65
444.46,6675.1,-19.17,-42.72,244.34,29.71
443.55,6690.4,-19.26,-42.84,244.46,29.76
442.64,6705.6,-19.36,-42.97,244.58,29.84
441.74,6720.8,-19.46,-43.09,244.73,29.9
440.83,6736.1,-19.56,-43.2,244.88,29.95
439.93,6751.3,-19.66,-43.31,245.04,30.01
439.03,6766.6,-19.77,-43.41,245.19,30.07
438.13,6781.8,-19.87,-43.52,245.34,30.12
437.23,6797.0,-19.97,-43.63,245.41,30.18
436.33,6812.3,-20.07,-43.75,245.46,30.24
435.44,6827.5,-20.17,-43.85,245.47,30.33
434.54,6842.8,-20.27,-43.93,245.47,30.41
433.64,6858.0,-20.37,-44.03,245.47,30.49
432.75,6873.2,-20.47,-44.13,245.48,30.56
431.86,6888.5,-20.57,-44.22,245.5,30.62
430.96,6903.7,-20.67,-44.31,245.49,30.66
430.07,6919.0,-20.78,-44.38,245.48,30.71
429.19,6934.2,-20.88,-44.45,245.47,30.76
428.3,6949.4,-20.99,-44.52,245.46,30.81
427.41,6964.7,-21.09,-44.59,245.49,30.86
426.53,6979.9,-21.2,-44.65,245.55,30.91
425.64,6995.2,-21.3,-44.69,245.6,30.97
424.75,7010.4,-21.41,-44.73,245.65,31.02
423.87,7025.6,-21.51,-44.77,245.71,31.08
422.99,7040.9,-21.62,-44.83,245.83,31.14
422.12,7056.1,-21.72,-44.89,246.01,31.19
421.24,7071.4,-21.82,-44.97,246.2,31.25
420.36,7086.6,-21.92,-45.06,246.4,31.3
419.49,7101.8,-22.02,-45.16,246.62,31.37
418.61,7117.1,-22.13,-45.25,246.85,31.43
417.74,7132.3,-22.23,-45.35,247.07,31.5
416.87,7147.6,-22.33,-45.44,247.3,31.56
415.99,7162.8,-22.44,-45.54,247.52,31.63
415.12,7178.0,-22.54,-45.66,247.74,31.71
414.25,7193.3,-22.65,-45.81,247.96,31.81
413.38,7208.5,-22.75,-45.96,248.18,31.9
412.52,7223.8,-22.86,-46.1,248.38,31.99
411.65,7239.0,-22.97,-46.25,248.54,32.07
410.78,7254.2,-23.08,-46.4,248.69,32.16
409.91,7269.5,-23.19,-46.57,248.81,32.23
409.05,7284.7,-23.3,-46.74,248.86,32.29
408.18,7300.0,-23.41,-46.91,248.91,32.36
407.32,7315.2,-23.51,-47.11,248.96,32.41
406.45,7330.4,-23.62,-47.31,249.0,32.47
405.59,7345.7,-23.72,-47.5,249.05,32.54
404.74,7360.9,-23.82,-47.69,249.1,32.62
403.89,7376.2,-23.93,-47.88,249.16,32.69
403.04,7391.4,-24.03,-48.04,249.21,32.76
402.19,7406.6,-24.14,-48.21,249.26,32.83
401.34,7421.9,-24.25,-48.39,249.28,32.9
400.51,7437.1,-24.35,-48.54,249.29,32.96
399.67,7452.4,-24.46,-48.68,249.34,33.02
398.84,7467.6,-24.57,-48.8,249.35,33.09
398.0,7482.8,-24.68,-48.91,249.3,33.16
397.18,7498.1,-24.79,-49.05,249.24,33.25
396.35,7513.3,-24.89,-49.15,249.21,33.35
395.53,7528.6,-25.0,-49.24,249.19,33.46
394.71,7543.8,-25.1,-49.33,249.19,33.56
393.89,7559.0,-25.2,-49.43,249.16,33.66
393.07,7574.3,-25.31,-49.48,249.1,33.75
392.26,7589.5,-25.42,-49.52,249.03,33.84
391.44,7604.8,-25.52,-49.57,248.92,33.95
390.63,7620.0,-25.63,-49.62,248.82,34.07
389.83,7635.2,-25.74,-49.68,248.71,34.19
389.02,7650.5,-25.86,-49.71,248.63,34.32
388.22,7665.7,-25.97,-49.74,248.58,34.46
387.42,7681.0,-26.09,-49.77,248.54,34.61
386.62,7696.2,-26.2,-49.79,248.5,34.76
385.83,7711.4,-26.32,-49.81,248.43,34.9
385.03,7726.7,-26.44,-49.88,248.32,35.04
384.23,7741.9,-26.55,-49.97,248.17,35.18
383.43,7757.2,-26.67,-50.06,248.01,35.33
382.63,7772.4,-26.78,-50.15,247.85,35.47
381.84,7787.6,-26.9,-50.24,247.7,35.61
381.04,7802.9,-27.01,-50.34,247.54,35.75
380.24,7818.1,-27.12,-50.44,247.64,35.9
379.45,7833.4,-27.24,-50.51,247.92,36.06
378.66,7848.6,-27.35,-50.54,248.26,36.23
377.86,7863.8,-27.47,-50.58,248.61,36.41
377.07,7879.1,-27.58,-50.62,248.96,36.58
376.28,7894.3,-27.68,-50.69,249.27,36.75
375.49,7909.6,-27.78,-50.75,249.59,36.91
374.7,7924.8,-27.89,-50.81,249.9,37.08
373.91,7940.0,-28.0,-50.85,250.16,37.23
373.13,7955.3,-28.11,-50.92,250.43,37.38
372.34,7970.5,-28.21,-50.98,250.7,37.54
371.55,7985.8,-28.32,-51.05,250.97,37.69
370.77,8001.0,-28.43,-51.11,251.22,37.82
369.99,8016.2,-28.53,-51.18,251.48,37.94
369.2,8031.5,-28.64,-51.25,251.74,38.06
368.42,8046.7,-28.75,-51.31,252.0,38.18
367.64,8062.0,-28.85,-51.35,252.24,38.3
366.86,8077.2,-28.95,-51.37,252.45,38.44
366.08,8092.4,-29.05,-51.38,252.68,38.58
365.3,8107.7,-29.15,-51.4,252.9,38.72
364.53,8122.9,-29.24,-51.43,253.15,38.86
363.75,8138.2,-29.34,-51.46,253.4,39.0
362.98,8153.4,-29.44,-51.49,253.64,39.14
362.21,8168.6,-29.53,-51.54,253.51,39.28
361.44,8183.9,-29.63,-51.59,253.3,39.43
360.68,8199.1,-29.72,-51.64,253.09,39.57
359.91,8214.4,-29.82,-51.7,252.88,39.72
359.14,8229.6,-29.92,-51.85,252.67,39.87
358.38,8244.8,-30.02,-51.98,252.48,40.03
357.62,8260.1,-30.12,-52.12,252.29,40.2
356.86,8275.3,-30.22,-52.26,252.21,40.37
356.1,8290.6,-30.32,-52.4,252.41,40.55
355.35,8305.8,-30.43,-52.54,252.61,40.74
354.59,8321.0,-30.53,-52.69,252.81,40.92
353.84,8336.3,-30.63,-52.87,253.01,41.09
353.09,8351.5,-30.72,-53.1,253.19,41.27
352.34,8366.8,-30.82,-53.33,253.36,41.44
351.6,8382.0,-30.92,-53.54,253.54,41.62
350.85,8397.2,-31.02,-53.73,253.71,41.8
350.1,8412.5,-31.13,-53.9,253.88,41.97
349.36,8427.7,-31.24,-53.94,254.13,42.14
348.61,8443.0,-31.35,-53.95,254.41,42.29
347.87,8458.2,-31.46,-53.96,254.72,42.44
347.13,8473.4,-31.57,-53.98,255.03,42.59
346.38,8488.7,-31.68,-53.99,255.35,42.74
345.64,8503.9,-31.8,-54.0,255.68,42.89
344.9,8519.2,-31.91,-54.01,256.03,43.04
344.16,8534.4,-32.02,-54.01,256.33,43.2
343.43,8549.6,-32.13,-54.0,256.63,43.34
342.69,8564.9,-32.25,-54.01,256.92,43.47
341.95,8580.1,-32.36,-54.08,257.23,43.6
341.22,8595.4,-32.47,-54.14,257.54,43.74
340.48,8610.6,-32.58,-54.2,257.85,43.89
339.75,8625.8,-32.7,-54.27,258.17,44.05
339.02,8641.1,-32.81,-54.33,258.49,44.2
338.28,8656.3,-32.92,-54.4,258.81,44.35
337.56,8671.6,-33.03,-54.46,258.85,44.51
336.83,8686.8,-33.14,-54.52,258.82,44.67
336.1,8702.0,-33.25,-54.59,258.79,44.83
335.37,8717.3,-33.36,-54.65,258.77,44.98
334.64,8732.5,-33.47,-54.72,258.74,45.14
333.92,8747.8,-33.58,-54.78,258.72,45.3
333.19,8763.0,-33.69,-54.84,258.69,45.46
332.46,8778.2,-33.8,-54.9,258.67,45.62
331.74,8793.5,-33.91,-54.96,258.65,45.78
331.02,8808.7,-34.03,-55.02,258.65,45.93
330.3,8824.0,-34.14,-55.08,258.62,46.09
329.57,8839.2,-34.25,-55.14,258.57,46.25
328.85,8854.4,-34.36,-55.2,258.48,46.41
328.13,8869.7,-34.47,-55.26,258.4,46.57
327.41,8884.9,-34.58,-55.31,258.32,46.73
326.7,8900.2,-34.7,-55.36,258.25,46.87
325.98,8915.4,-34.81,-55.4,258.18,47.02
325.26,8930.6,-34.92,-55.44,258.12,47.16
324.55,8945.9,-35.04,-55.48,258.06,47.31
323.83,8961.1,-35.15,-55.52,258.0,47.48
323.12,8976.4,-35.26,-55.57,257.94,47.64
322.4,8991.6,-35.37,-55.62,257.88,47.81
321.69,9006.8,-35.49,-55.66,257.83,47.97
320.97,9022.1,-35.6,-55.71,257.77,48.14
320.26,9037.3,-35.71,-55.76,257.72,48.29
319.55,9052.6,-35.82,-55.81,257.67,48.45
318.83,9067.8,-35.93,-55.88,257.63,48.6
318.13,9083.0,-36.04,-55.95,257.58,48.75
317.42,9098.3,-36.15,-56.04,257.54,48.91
316.71,9113.5,-36.25,-56.12,257.53,49.07
316.01,9128.8,-36.36,-56.2,257.59,49.23
315.3,9144.0,-36.46,-56.28,257.64,49.38
314.6,9159.2,-36.57,-56.35,257.7,49.54
313.89,9174.5,-36.67,-56.42,257.74,49.69
313.19,9189.7,-36.78,-56.5,257.75,49.85
312.49,9205.0,-36.88,-56.57,257.76,50.02
311.79,9220.2,-36.98,-56.64,257.79,50.18
311.09,9235.4,-37.08,-56.72,257.83,50.32
310.39,9250.7,-37.19,-56.81,257.87,50.47
309.7,9265.9,-37.29,-56.9,257.92,50.61
309.0,9281.2,-37.39,-56.99,257.97,50.76
308.3,9296.4,-37.49,-57.08,258.01,50.9
307.61,9311.6,-37.58,-57.17,258.03,51.06
306.91,9326.9,-37.67,-57.27,258.06,51.22
306.22,9342.1,-37.77,-57.37,258.08,51.38
305.53,9357.4,-37.86,-57.48,258.09,51.54
304.84,9372.6,-37.96,-57.58,258.11,51.7
304.15,9387.8,-38.05,-57.68,258.12,51.87
303.47,9403.1,-38.15,-57.78,258.12,52.03
302.79,9418.3,-38.24,-57.87,258.12,52.19
302.11,9433.6,-38.34,-57.96,258.11,52.35
301.44,9448.8,-38.43,-58.05,258.15,52.51
300.77,9464.0,-38.53,-58.14,258.14,52.67
300.1,9479.3,-38.62,-58.25,258.12,52.81
299.43,9494.5,-38.71,-58.37,258.11,52.95
298.77,9509.8,-38.81,-58.5,258.11,53.09
298.11,9525.0,-38.9,-58.62,258.1,53.24
297.45,9540.2,-39.0,-58.74,258.09,53.37
296.79,9555.5,-39.1,-58.88,258.09,53.51
296.14,9570.7,-39.2,-59.01,258.09,53.65
295.49,9586.0,-39.3,-59.14,258.1,53.78
294.84,9601.2,-39.4,-59.27,258.12,53.91
294.19,9616.4,-39.49,-59.4,258.17,54.01
293.54,9631.7,-39.59,-59.52,258.24,54.11
292.9,9646.9,-39.69,-59.63,258.31,54.22
292.26,9662.2,-39.79,-59.72,258.38,54.32
291.62,9677.4,-39.89,-59.82,258.46,54.45
290.98,9692.6,-39.99,-59.93,258.57,54.57
290.34,9707.9,-40.09,-60.03,258.67,54.7
289.7,9723.1,-40.19,-60.13,258.78,54.83
289.06,9738.4,-40.29,-60.23,258.87,54.96
288.42,9753.6,-40.39,-60.33,258.97,55.09
287.78,9768.8,-40.49,-60.43,259.06,55.22
287.15,9784.1,-40.59,-60.53,259.14,55.35
286.51,9799.3,-40.69,-60.63,259.22,55.48
285.87,9814.6,-40.78,-60.74,259.31,55.61
285.24,9829.8,-40.88,-60.84,259.41,55.74
284.61,9845.0,-40.98,-60.95,259.52,55.86
283.98,9860.3,-41.08,-61.06,259.63,55.99
283.35,9875.5,-41.17,-61.16,259.74,56.12
282.72,9890.8,-41.27,-61.25,259.84,56.26
282.09,9906.0,-41.37,-61.34,259.94,56.4
281.46,9921.2,-41.47,-61.43,260.04,56.57
280.83,9936.5,-41.57,-61.52,260.15,56.74
280.2,9951.7,-41.67,-61.61,260.25,56.91
279.57,9967.0,-41.77,-61.7,260.36,57.08
278.94,9982.2,-41.87,-61.79,260.46,57.24
278.32,9997.4,-41.96,-61.88,260.57,57.41
277.69,10012.7,-42.06,-61.97,260.68,57.58
277.06,10027.9,-42.16,-62.06,260.81,57.76
276.44,10043.2,-42.25,-62.15,260.92,57.93
275.81,10058.4,-42.35,-62.24,261.03,58.09
275.19,10073.6,-42.44,-62.33,261.15,58.24
274.57,10088.9,-42.54,-62.41,261.26,58.4
273.95,10104.1,-42.63,-62.49,261.37,58.56
273.33,10119.4,-42.72,-62.58,261.48,58.71
272.71,10134.6,-42.81,-62.67,261.6,58.87
272.09,10149.8,-42.91,-62.75,261.71,59.03
271.48,10165.1,-43.0,-62.83,261.82,59.18
270.86,10180.3,-43.09,-62.92,261.94,59.35
270.25,10195.6,-43.19,-63.02,262.07,59.51
269.64,10210.8,-43.28,-63.11,262.21,59.67
269.02,10226.0,-43.38,-63.2,262.36,59.83
268.41,10241.3,-43.47,-63.3,262.54,59.99
267.8,10256.5,-43.57,-63.4,262.72,60.16
267.19,10271.8,-43.66,-63.51,262.87,60.33
266.59,10287.0,-43.75,-63.64,263.05,60.5
265.98,10302.2,-43.84,-63.77,263.26,60.67
265.37,10317.5,-43.93,-63.9,263.51,60.85
264.77,10332.7,-44.02,-64.01,263.75,61.02
264.17,10348.0,-44.1,-64.11,263.99,61.19
263.56,10363.2,-44.18,-64.21,264.22,61.35
262.96,10378.4,-44.26,-64.32,264.45,61.5
262.36,10393.7,-44.33,-64.43,264.68,61.64
261.76,10408.9,-44.4,-64.54,264.89,61.79
261.17,10424.2,-44.47,-64.65,265.07,61.94
260.57,10439.4,-44.54,-64.76,265.26,62.09
259.97,10454.6,-44.61,-64.86,265.45,62.24
259.38,10469.9,-44.68,-64.97,265.64,62.38
258.78,10485.1,-44.75,-65.08,265.83,62.53
258.18,10500.4,-44.82,-65.19,266.02,62.68
257.59,10515.6,-44.89,-65.3,266.2,62.83
256.99,10530.8,-44.96,-65.41,266.36,62.98
256.4,10546.1,-45.04,-65.52,266.46,63.14
255.81,10561.3,-45.11,-65.62,266.56,63.29
255.23,10576.6,-45.19,-65.73,266.66,63.44
254.64,10591.8,-45.26,-65.83,266.82,63.59
254.05,10607.0,-45.33,-65.93,266.99,63.74
253.47,10622.3,-45.4,-66.02,267.11,63.93
252.89,10637.5,-45.47,-66.11,267.21,64.12
252.3,10652.8,-45.55,-66.17,267.29,64.29
251.73,10668.0,-45.63,-66.25,267.36,64.46
251.15,10683.2,-45.71,-66.33,267.43,64.63
250.58,10698.5,-45.79,-66.42,267.45,64.81
250.01,10713.7,-45.87,-66.5,267.45,64.99
249.44,10729.0,-45.94,-66.59,267.49,65.16
248.87,10744.2,-46.02,-66.68,267.56,65.36
248.31,10759.4,-46.1,-66.79,267.68,65.57
247.75,10774.7,-46.17,-66.9,267.76,65.77
247.18,10789.9,-46.25,-67.0,267.8,65.94
246.62,10805.2,-46.33,-67.11,267.83,66.1
246.06,10820.4,-46.41,-67.21,267.83,66.25
245.5,10835.6,-46.48,-67.32,267.83,66.41
244.95,10850.9,-46.57,-67.42,267.83,66.56
244.39,10866.1,-46.65,-67.52,267.83,66.72
243.84,10881.4,-46.73,-67.61,267.83,66.9
243.29,10896.6,-46.82,-67.71,267.84,67.08
242.74,10911.8,-46.91,-67.79,267.85,67.27
242.19,10927.1,-46.99,-67.86,267.87,67.45
241.64,10942.3,-47.07,-67.92,267.86,67.6
241.09,10957.6,-47.15,-68.0,267.85,67.74
240.55,10972.8,-47.22,-68.08,267.85,67.89
240.0,10988.0,-47.3,-68.16,267.85,68.03
239.46,11003.3,-47.38,-68.23,267.86,68.18
238.91,11018.5,-47.46,-68.31,267.87,68.32
238.37,11033.8,-47.54,-68.38,267.88,68.46
237.83,11049.0,-47.62,-68.46,267.89,68.59
237.29,11064.2,-47.7,-68.53,267.9,68.73
236.74,11079.5,-47.78,-68.6,267.91,68.87
236.2,11094.7,-47.87,-68.68,267.93,69.0
235.67,11110.0,-47.95,-68.76,267.98,69.13
235.13,11125.2,-48.03,-68.84,268.03,69.25
234.59,11140.4,-48.1,-68.92,268.09,69.36
234.06,11155.7,-48.18,-69.0,268.14,69.47
233.53,11170.9,-48.26,-69.08,268.2,69.58
232.99,11186.2,-48.34,-69.16,268.25,69.68
232.46,11201.4,-48.42,-69.23,268.3,69.79
231.93,11216.6,-48.51,-69.31,268.34,69.87
231.4,11231.9,-48.59,-69.39,268.39,69.96
230.87,11247.1,-48.68,-69.47,268.43,70.03
230.34,11262.4,-48.76,-69.55,268.48,70.1
229.81,11277.6,-48.84,-69.63,268.51,70.18
229.28,11292.8,-48.93,-69.72,268.55,70.26
228.75,11308.1,-49.01,-69.81,268.58,70.35
228.22,11323.3,-49.09,-69.9,268.62,70.43
227.7,11338.6,-49.18,-69.99,268.66,70.51
227.17,11353.8,-49.26,-70.08,268.69,70.59
226.64,11369.0,-49.35,-70.17,268.73,70.67
226.12,11384.3,-49.43,-70.26,268.77,70.73
225.59,11399.5,-49.51,-70.35,268.82,70.78
225.07,11414.8,-49.59,-70.44,268.86,70.84
224.55,11430.0,-49.67,-70.54,268.91,70.89
224.03,11445.2,-49.74,-70.64,268.95,70.93
223.51,11460.5,-49.81,-70.75,268.99,70.97
222.99,11475.7,-49.88,-70.85,269.03,71.0
222.47,11491.0,-49.96,-70.96,269.07,71.04
221.95,11506.2,-50.03,-71.06,269.11,71.08
221.43,11521.4,-50.1,-71.16,269.14,71.13
220.91,11536.7,-50.18,-71.25,269.27,71.17
220.4,11551.9,-50.25,-71.35,269.46,71.2
219.88,11567.2,-50.32,-71.45,269.62,71.22
219.37,11582.4,-50.4,-71.55,269.79,71.25
218.85,11597.6,-50.47,-71.65,269.95,71.28
218.34,11612.9,-50.55,-71.75,270.11,71.29
217.83,11628.1,-50.62,-71.85,270.27,71.31
217.31,11643.4,-50.7,-71.95,270.43,71.32
216.8,11658.6,-50.78,-72.05,270.75,71.37
216.29,11673.8,-50.85,-72.14,271.13,71.41
215.78,11689.1,-50.93,-72.24,271.51,71.45
215.27,11704.3,-51.0,-72.34,271.89,71.49
214.77,11719.6,-51.07,-72.44,272.02,71.53
214.26,11734.8,-51.14,-72.54,272.08,71.59
213.75,11750.0,-51.22,-72.65,272.14,71.64
213.24,11765.3,-51.29,-72.75,272.2,71.69
212.74,11780.5,-51.36,-72.86,272.26,71.74
212.23,11795.8,-51.43,-72.97,272.27,71.79
211.73,11811.0,-51.5,-73.07,272.29,71.85
211.23,11826.2,-51.57,-73.18,272.3,71.89
210.73,11841.5,-51.64,-73.29,272.31,71.91
210.22,11856.7,-51.7,-73.39,272.31,71.93
209.72,11872.0,-51.77,-73.5,272.32,71.96
209.22,11887.2,-51.84,-73.61,272.33,71.98
208.72,11902.4,-51.92,-73.72,272.34,72.0
208.22,11917.7,-51.99,-73.83,272.36,72.02
207.72,11932.9,-52.07,-73.95,272.39,72.05
207.23,11948.2,-52.14,-74.06,272.42,72.08
206.73,11963.4,-52.22,-74.18,272.46,72.12
206.23,11978.6,-52.3,-74.3,272.5,72.15
205.74,11993.9,-52.38,-74.4,272.55,72.2
205.25,12009.1,-52.45,-74.53,272.58,72.23
204.75,12024.4,-52.52,-74.66,272.61,72.26
204.26,12039.6,-52.59,-74.77,272.65,72.3
203.77,12054.8,-52.67,-74.88,272.7,72.32
203.28,12070.1,-52.74,-74.99,272.73,72.32
202.79,12085.3,-52.81,-75.1,272.75,72.32
202.3,12100.6,-52.88,-75.2,272.74,72.3
201.82,12115.8,-52.95,-75.18,272.73,72.29
201.33,12131.0,-53.02,-75.07,272.72,72.26
200.85,12146.3,-53.09,-74.97,272.71,72.22
200.37,12161.5,-53.17,-74.85,272.69,72.19
199.9,12176.8,-53.24,-74.72,272.63,72.14
199.43,12192.0,-53.31,-74.59,272.56,72.09
198.96,12207.2,-53.38,-74.45,272.47,72.06
198.5,12222.5,-53.45,-74.31,272.38,72.05
198.03,12237.7,-53.52,-74.28,272.32,72.04
197.57,12253.0,-53.59,-74.35,272.28,72.03
197.11,12268.2,-53.67,-74.42,272.25,72.02
196.65,12283.4,-53.74,-74.49,272.23,72.02
196.19,12298.7,-53.81,-74.54,272.21,72.01
195.73,12313.9,-53.88,-74.58,272.19,72.0
195.28,12329.2,-53.95,-74.35,272.15,71.98
194.83,12344.4,-54.02,-73.57,272.11,71.95
194.37,12359.6,-54.09,-72.99,272.07,71.94
193.92,12374.9,-54.15,-73.02,272.02,71.9
193.47,12390.1,-54.22,-73.06,271.96,71.86
193.02,12405.4,-54.29,-73.09,271.91,71.82
192.57,12420.6,-54.36,-73.13,271.86,71.78
192.12,12435.8,-54.43,-73.16,271.81,71.73
191.68,12451.1,-54.5,-73.19,271.76,71.69
191.23,12466.3,-54.57,-73.23,271.71,71.65
190.78,12481.6,-54.63,-73.26,271.67,71.6
190.33,12496.8,-54.7,-73.29,271.62,71.56
189.88,12512.0,-54.76,-73.35,271.58,71.51
189.44,12527.3,-54.82,-73.41,271.54,71.46
188.99,12542.5,-54.87,-73.47,271.5,71.41
188.54,12557.8,-54.93,-73.53,271.47,71.36
188.1,12573.0,-54.99,-73.59,271.45,71.32
187.65,12588.2,-55.04,-73.65,271.42,71.28
187.21,12603.5,-55.1,-73.71,271.4,71.24
186.77,12618.7,-55.15,-73.77,271.39,71.2
186.33,12634.0,-55.21,-73.83,271.41,71.16
185.88,12649.2,-55.27,-73.89,271.44,71.12
185.44,12664.4,-55.32,-73.95,271.46,71.08
185.0,12679.7,-55.38,-74.01,271.49,71.04
184.56,12694.9,-55.43,-74.07,271.51,71.0
184.12,12710.2,-55.49,-73.79,271.54,70.96
183.68,12725.4,-55.55,-73.43,271.56,70.92
183.24,12740.6,-55.6,-73.07,271.58,70.87
182.79,12755.9,-55.66,-72.65,271.61,70.83
182.36,12771.1,-55.71,-72.4,271.64,70.77
181.92,12786.4,-55.77,-72.36,271.67,70.69
181.48,12801.6,-55.83,-72.32,271.73,70.6
181.05,12816.8,-55.89,-72.24,271.79,70.48
180.62,12832.1,-55.95,-72.17,271.86,70.35
180.19,12847.3,-56.01,-72.1,271.93,70.23
179.76,12862.6,-56.06,-71.85,272.0,70.11
179.33,12877.8,-56.12,-71.51,272.1,69.99
178.9,12893.0,-56.18,-70.96,272.2,69.91
178.47,12908.3,-56.24,-70.4,272.31,69.83
178.05,12923.5,-56.29,-69.85,272.43,69.73
177.62,12938.8,-56.35,-69.3,272.55,69.63
177.19,12954.0,-56.41,-68.75,272.68,69.53
176.77,12969.2,-56.47,-68.2,272.81,69.43
176.35,12984.5,-56.52,-67.75,272.95,69.33
175.92,12999.7,-56.58,-67.64,273.07,69.2
175.5,13015.0,-56.64,-67.56,273.19,69.08
175.08,13030.2,-56.7,-67.49,273.3,68.95
174.66,13045.4,-56.75,-67.41,273.37,68.83
174.23,13060.7,-56.82,-67.33,273.46,68.7
173.82,13075.9,-56.88,-67.21,273.57,68.58
173.4,13091.2,-56.94,-67.1,273.68,68.47
172.99,13106.4,-57.01,-67.02,273.8,68.35
172.57,13121.6,-57.08,-67.0,273.92,68.22
172.16,13136.9,-57.14,-66.97,274.03,68.08
171.75,13152.1,-57.2,-66.94,274.15,67.94
171.34,13167.4,-57.26,-66.91,274.28,67.8
170.93,13182.6,-57.33,-66.89,274.41,67.69
170.52,13197.8,-57.39,-66.86,274.54,67.58
170.11,13213.1,-57.45,-66.83,274.68,67.47
169.7,13228.3,-57.52,-66.81,274.81,67.34
169.28,13243.6,-57.58,-66.78,274.95,67.22
168.88,13258.8,-57.64,-66.75,275.08,67.1
168.47,13274.0,-57.7,-66.73,275.21,66.99
168.06,13289.3,-57.77,-66.7,275.35,66.87
167.65,13304.5,-57.83,-66.67,275.49,66.76
167.24,13319.8,-57.89,-66.65,275.62,66.64
166.83,13335.0,-57.96,-66.62,275.75,66.52
166.42,13350.2,-58.02,-66.59,275.88,66.41
166.01,13365.5,-58.08,-66.57,275.99,66.31
165.61,13380.7,-58.14,-66.54,276.11,66.22
165.2,13396.0,-58.21,-66.51,276.22,66.13
164.8,13411.2,-58.27,-66.48,276.3,66.04
164.4,13426.4,-58.34,-66.48,276.36,65.98
164.0,13441.7,-58.41,-66.47,276.4,65.93
163.59,13456.9,-58.48,-66.46,276.44,65.88
163.19,13472.2,-58.54,-66.46,276.47,65.83
162.8,13487.4,-58.61,-66.45,276.48,65.78
162.4,13502.6,-58.68,-66.44,276.5,65.73
162.0,13517.9,-58.75,-66.42,276.52,65.67
161.61,13533.1,-58.82,-66.41,276.54,65.62
161.21,13548.4,-58.89,-66.4,276.54,65.57
160.82,13563.6,-58.96,-66.39,276.5,65.53
160.42,13578.8,-59.03,-66.38,276.46,65.48
160.03,13594.1,-59.09,-66.37,276.42,65.43
159.63,13609.3,-59.16,-66.36,276.4,65.39
159.24,13624.6,-59.21,-66.35,276.38,65.35
158.85,13639.8,-59.27,-66.34,276.37,65.31
158.46,13655.0,-59.32,-66.33,276.34,65.3
158.07,13670.3,-59.37,-66.23,276.32,65.28
157.68,13685.5,-59.43,-66.11,276.29,65.27
157.29,13700.8,-59.48,-65.91,276.25,65.25
156.9,13716.0,-59.53,-65.37,276.21,65.23
156.51,13731.2,-59.58,-64.71,276.18,65.21
156.13,13746.5,-59.63,-64.05,276.15,65.19
155.74,13761.7,-59.68,-63.4,276.11,65.17
155.35,13777.0,-59.73,-62.74,276.09,65.14
154.97,13792.2,-59.79,-62.14,276.06,65.08
154.59,13807.4,-59.85,-61.74,276.02,65.01
154.2,13822.7,-59.91,-61.35,275.99,64.95
153.82,13837.9,-59.98,-60.95,275.96,64.89
153.44,13853.2,-60.05,-60.55,275.93,64.84
153.06,13868.4,-60.11,-60.14,275.9,64.8
152.68,13883.6,-60.18,-59.65,275.87,64.76
152.3,13898.9,-60.24,-59.03,275.85,64.72
151.92,13914.1,-60.31,-58.42,275.83,64.67
151.55,13929.4,-60.38,-57.8,275.82,64.62
151.17,13944.6,-60.45,-57.18,275.83,64.52
150.79,13959.8,-60.51,-56.55,275.84,64.43
150.42,13975.1,-60.58,-55.93,275.85,64.34
150.05,13990.3,-60.65,-55.43,275.83,64.24
149.68,14005.6,-60.72,-55.1,275.79,64.14
149.32,14020.8,-60.79,-54.88,275.76,64.06
148.97,14036.0,-60.86,-54.7,275.76,63.95
148.62,14051.3,-60.93,-54.67,275.75,63.85
148.26,14066.5,-61.0,-54.7,275.73,63.79
147.9,14081.8,-61.07,-54.73,275.69,63.73
147.55,14097.0,-61.14,-54.76,275.61,63.64
147.19,14112.2,-61.2,-54.78,275.54,63.56
146.84,14127.5,-61.26,-54.8,275.49,63.48
146.48,14142.7,-61.32,-54.82,275.44,63.37
146.13,14158.0,-61.38,-54.85,275.39,63.26
145.78,14173.2,-61.44,-54.87,275.36,63.16
145.43,14188.4,-61.5,-54.89,275.33,63.06
145.07,14203.7,-61.55,-54.92,275.3,62.95
144.72,14218.9,-61.61,-54.86,275.3,62.84
144.37,14234.2,-61.66,-54.74,275.32,62.72
144.02,14249.4,-61.72,-54.62,275.35,62.61
143.67,14264.6,-61.77,-54.5,275.38,62.5
143.32,14279.9,-61.83,-54.36,275.4,62.4
142.97,14295.1,-61.88,-54.02,275.43,62.3
142.62,14310.4,-61.94,-53.67,275.44,62.2
142.27,14325.6,-61.99,-53.33,275.44,62.1
141.92,14340.8,-62.05,-52.99,275.44,62.01
141.57,14356.1,-62.1,-52.65,275.43,61.9
141.22,14371.3,-62.16,-52.3,275.42,61.77
140.87,14386.6,-62.21,-51.96,275.42,61.65
140.53,14401.8,-62.28,-51.62,275.39,61.56
140.18,14417.0,-62.34,-51.27,275.35,61.46
139.84,14432.3,-62.4,-50.99,275.28,61.34
139.49,14447.5,-62.45,-50.79,275.21,61.23
139.15,14462.8,-62.51,-50.81,275.08,61.13
138.81,14478.0,-62.57,-50.83,274.95,61.02
138.46,14493.2,-62.63,-50.85,274.82,60.9
138.12,14508.5,-62.69,-50.88,274.69,60.79
137.78,14523.7,-62.75,-50.9,274.59,60.65
137.44,14539.0,-62.82,-50.92,274.49,60.51
137.1,14554.2,-62.88,-50.94,274.44,60.38
136.76,14569.4,-62.94,-50.97,274.39,60.25
136.42,14584.7,-62.99,-50.99,274.35,60.12
136.08,14599.9,-63.05,-51.01,274.31,60.0
135.74,14615.2,-63.11,-51.03,274.27,59.88
135.4,14630.4,-63.17,-51.05,274.23,59.77
135.07,14645.6,-63.22,-51.07,274.21,59.64
134.74,14660.9,-63.28,-51.1,274.17,59.49
134.4,14676.1,-63.34,-51.12,274.12,59.34
134.07,14691.4,-63.4,-51.14,274.13,59.2
133.74,14706.6,-63.45,-51.16,274.15,59.05
133.41,14721.8,-63.51,-51.18,274.18,58.9
133.08,14737.1,-63.57,-51.2,274.21,58.74
132.75,14752.3,-63.63,-51.22,274.25,58.59
132.42,14767.6,-63.68,-51.24,274.28,58.43
132.09,14782.8,-63.74,-51.27,274.35,58.28
131.76,14798.0,-63.8,-51.28,274.42,58.13
131.43,14813.3,-63.85,-51.3,274.5,57.98
131.11,14828.5,-63.92,-51.31,274.58,57.82
130.79,14843.8,-63.98,-51.32,274.65,57.65
130.46,14859.0,-64.04,-51.34,274.7,57.49
130.14,14874.2,-64.1,-51.35,274.76,57.32
129.82,14889.5,-64.16,-51.37,274.84,57.16
129.5,14904.7,-64.22,-51.38,274.92,57.0
129.18,14920.0,-64.28,-51.39,275.02,56.85
128.86,14935.2,-64.34,-51.41,275.14,56.71
128.55,14950.4,-64.39,-51.42,275.26,56.55
128.23,14965.7,-64.44,-51.44,275.35,56.39
127.91,14980.9,-64.5,-51.45,275.41,56.22
127.59,14996.2,-64.55,-51.47,275.48,56.05
127.28,15011.4,-64.6,-51.49,275.54,55.88
126.96,15026.6,-64.65,-51.5,275.59,55.71
126.64,15041.9,-64.7,-51.52,275.6,55.54
126.33,15057.1,-64.75,-51.53,275.61,55.36
126.01,15072.4,-64.8,-51.55,275.56,55.18
125.7,15087.6,-64.85,-51.56,275.52,54.98
125.39,15102.8,-64.89,-51.58,275.47,54.81
125.07,15118.1,-64.94,-51.59,275.43,54.64
124.76,15133.3,-64.99,-51.61,275.41,54.45
124.45,15148.6,-65.04,-51.62,275.38,54.25
124.14,15163.8,-65.09,-51.64,275.37,54.07
123.83,15179.0,-65.14,-51.65,275.37,53.9
123.52,15194.3,-65.19,-51.67,275.42,53.75
123.21,15209.5,-65.24,-51.68,275.47,53.6
122.9,15224.8,-65.3,-51.7,275.53,53.46
122.59,15240.0,-65.35,-51.72,275.55,53.32
122.28,15255.2,-65.41,-51.73,275.57,53.18
121.98,15270.5,-65.46,-51.75,275.65,53.03
121.67,15285.7,-65.51,-51.76,275.73,52.86
121.37,15301.0,-65.57,-51.78,275.8,52.69
121.06,15316.2,-65.63,-51.79,275.88,52.52
120.76,15331.4,-65.69,-51.8,275.95,52.34
120.45,15346.7,-65.75,-51.82,276.0,52.14
120.15,15361.9,-65.8,-51.83,276.06,51.95
119.85,15377.2,-65.86,-51.85,276.1,51.78
119.55,15392.4,-65.92,-51.86,276.14,51.6
119.25,15407.6,-65.97,-51.87,276.17,51.43
118.95,15422.9,-66.02,-51.89,276.21,51.24
118.65,15438.1,-66.08,-51.9,276.25,51.04
118.35,15453.4,-66.12,-51.92,276.29,50.84
118.05,15468.6,-66.17,-51.94,276.31,50.65
117.75,15483.8,-66.21,-51.95,276.29,50.49
117.45,15499.1,-66.25,-51.97,276.26,50.35
117.15,15514.3,-66.29,-51.98,276.24,50.22
116.86,15529.6,-66.33,-52.0,276.2,50.11
116.56,15544.8,-66.36,-52.01,276.15,50.0
116.27,15560.0,-66.4,-52.03,276.07,49.91
115.98,15575.3,-66.43,-52.04,276.0,49.81
115.69,15590.5,-66.47,-52.06,275.93,49.72
115.4,15605.8,-66.51,-52.07,275.86,49.64
115.12,15621.0,-66.54,-52.08,275.81,49.56
114.83,15636.2,-66.58,-52.1,275.75,49.46
114.54,15651.5,-66.62,-52.11,275.67,49.37
114.26,15666.7,-66.67,-52.12,275.56,49.29
113.97,15682.0,-66.71,-52.13,275.44,49.19
113.69,15697.2,-66.76,-52.14,275.32,49.08
113.4,15712.4,-66.8,-52.16,275.19,48.98
113.12,15727.7,-66.84,-52.17,275.04,48.88
112.84,15742.9,-66.88,-52.18,274.87,48.78
112.56,15758.2,-66.93,-52.19,274.7,48.69
112.28,15773.4,-66.96,-52.21,274.52,48.6
112.0,15788.6,-67.0,-52.22,274.34,48.51
111.72,15803.9,-67.04,-52.23,274.15,48.39
111.44,15819.1,-67.08,-52.24,273.96,48.26
111.16,15834.4,-67.11,-52.26,273.78,48.13
110.88,15849.6,-67.14,-52.27,273.6,48.01
110.6,15864.8,-67.17,-52.28,273.4,47.87
110.32,15880.1,-67.21,-52.29,273.2,47.7
110.04,15895.3,-67.24,-52.31,273.0,47.52
109.76,15910.6,-67.27,-52.32,272.85,47.32
109.49,15925.8,-67.3,-52.33,272.69,47.11
109.21,15941.0,-67.33,-52.35,272.52,46.88
108.93,15956.3,-67.36,-52.36,272.35,46.65
108.66,15971.5,-67.39,-52.37,272.16,46.4
108.38,15986.8,-67.42,-52.38,271.97,46.15
108.11,16002.0,-67.44,-52.4,271.77,45.9
107.83,16017.2,-67.47,-52.41,271.56,45.66
107.56,16032.5,-67.5,-52.42,271.37,45.42
107.28,16047.7,-67.52,-52.44,271.19,45.18
107.01,16063.0,-67.55,-52.45,271.01,44.95
106.74,16078.2,-67.57,-52.46,270.84,44.73
106.46,16093.4,-67.6,-52.47,270.67,44.51
106.19,16108.7,-67.62,-52.49,270.51,44.28
105.92,16123.9,-67.65,-52.5,270.36,44.05
105.65,16139.2,-67.67,-52.51,270.23,43.79
105.37,16154.4,-67.69,-52.52,270.11,43.52
105.1,16169.6,-67.71,-52.53,270.05,43.25
104.83,16184.9,-67.73,-52.55,269.94,42.97
104.57,16200.1,-67.75,-52.56,269.81,42.68
104.3,16215.4,-67.77,-52.57,269.66,42.38
104.03,16230.6,-67.8,-52.58,269.52,42.09
103.76,16245.8,-67.82,-52.59,269.37,41.8
103.49,16261.1,-67.85,-52.61,269.24,41.51
103.23,16276.3,-67.87,-52.62,269.12,41.23
102.96,16291.6,-67.9,-52.63,268.99,40.95
102.69,16306.8,-67.92,-52.64,268.87,40.68
102.42,16322.0,-67.94,-52.65,268.75,40.42
102.16,16337.3,-67.96,-52.66,268.71,40.14
101.9,16352.5,-67.97,-52.67,268.71,39.88
101.64,16367.8,-67.99,-52.69,268.72,39.63
101.38,16383.0,-68.01,-52.7,268.74,39.37
101.13,16398.2,-68.03,-52.71,268.78,39.12
100.87,16413.5,-68.05,-52.72,268.83,38.87
100.61,16428.7,-68.07,-52.73,268.89,38.61
100.36,16444.0,-68.08,-52.74,268.99,38.37
100.11,16459.2,-68.1,-52.75,269.13,38.15
99.87,16474.4,-68.12,-52.76,269.25,37.93
99.63,16489.7,-68.13,-52.77,269.39,37.67
99.39,16504.9,-68.14,-52.78,269.54,37.39
99.15,16520.2,-68.16,-52.8,269.67,37.14
98.92,16535.4,-68.17,-52.81,269.76,36.84
98.69,16550.6,-68.18,-52.82,269.84,36.55
98.46,16565.9,-68.19,-52.83,269.88,36.3
98.23,16581.1,-68.21,-52.83,269.88,36.03
98.0,16596.4,-68.22,-52.84,269.86,35.76
97.77,16611.6,-68.24,-52.85,269.83,35.49
97.54,16626.8,-68.26,-52.85,269.77,35.23
97.31,16642.1,-68.28,-52.86,269.7,34.99
97.08,16657.3,-68.3,-52.86,269.62,34.76
96.85,16672.6,-68.32,-52.87,269.52,34.55
96.63,16687.8,-68.34,-52.87,269.47,34.32
96.4,16703.0,-68.35,-52.88,269.49,34.12
96.17,16718.3,-68.37,-52.88,269.59,33.91
95.94,16733.5,-68.39,-52.89,269.65,33.73
95.71,16748.8,-68.41,-52.9,269.78,33.57
95.48,16764.0,-68.43,-52.9,269.88,33.4
95.26,16779.2,-68.45,-52.91,269.95,33.26
95.05,16794.5,-68.46,-52.91,270.04,33.14
94.83,16809.7,-68.48,-52.91,270.04,33.03
94.61,16825.0,-68.49,-52.92,269.96,32.91
94.39,16840.2,-68.51,-52.93,269.89,32.8
94.16,16855.4,-68.52,-52.93,269.8,32.6
93.95,16870.7,-68.53,-52.94,269.73,32.34
93.74,16885.9,-68.54,-52.94,269.65,32.04
93.52,16901.2,-68.55,-52.95,269.62,31.73
93.32,16916.4,-68.56,-52.95,269.58,31.43
93.11,16931.6,-68.56,-52.96,269.65,31.16
92.9,16946.9,-68.57,-52.96,269.74,30.9
92.69,16962.1,-68.57,-52.97,269.73,30.63
92.48,16977.4,-68.57,-52.97,269.79,30.38
92.26,16992.6,-68.58,-52.98,270.05,30.17
92.05,17007.8,-68.58,-52.98,270.28,29.96
91.83,17023.1,-68.58,-52.99,270.45,29.75
91.62,17038.3,-68.58,-52.99,270.64,29.55
91.41,17053.6,-68.57,-53.0,270.65,29.35
91.2,17068.8,-68.57,-53.0,270.65,29.15
90.99,17084.0,-68.57,-53.01,270.69,28.94
90.78,17099.3,-68.56,-53.01,270.64,28.73
90.57,17114.5,-68.56,-53.02,270.63,28.53
90.36,17129.8,-68.56,-53.02,270.52,28.31
90.14,17145.0,-68.56,-53.03,270.35,28.1
89.93,17160.2,-68.57,-53.03,270.2,27.89
89.73,17175.5,-68.57,-53.04,269.96,27.68
89.52,17190.7,-68.58,-53.04,269.59,27.48
89.32,17206.0,-68.58,-53.04,269.25,27.27
89.11,17221.2,-68.59,-53.05,269.14,27.07
88.91,17236.4,-68.6,-53.05,269.27,26.86
88.7,17251.7,-68.61,-53.06,269.41,26.65
88.5,17266.9,-68.61,-53.06,269.58,26.44
88.29,17282.2,-68.62,-53.07,269.76,26.23
88.09,17297.4,-68.62,-53.07,269.99,26.04
87.89,17312.6,-68.62,-53.08,270.27,25.85
87.68,17327.9,-68.63,-53.08,270.4,25.68
87.48,17343.1,-68.63,-53.09,270.46,25.53
87.27,17358.4,-68.64,-53.09,270.44,25.41
87.07,17373.6,-68.65,-53.1,270.52,25.31
86.86,17388.8,-68.65,-53.1,270.75,25.22
86.65,17404.1,-68.65,-53.1,271.03,25.13
86.45,17419.3,-68.66,-53.11,271.38,25.04
86.25,17434.6,-68.66,-53.11,271.62,24.97
86.04,17449.8,-68.66,-53.12,271.84,24.89
85.84,17465.0,-68.66,-53.12,272.05,24.82
85.65,17480.3,-68.66,-53.13,272.32,24.75
85.45,17495.5,-68.66,-53.13,272.57,24.65
85.26,17510.8,-68.67,-53.13,272.65,24.52
85.06,17526.0,-68.67,-53.14,272.77,24.41
84.86,17541.2,-68.68,-53.14,272.87,24.26
84.66,17556.5,-68.69,-53.14,273.04,24.12
84.46,17571.7,-68.69,-53.15,273.19,23.98
84.27,17587.0,-68.7,-53.15,273.29,23.85
84.07,17602.2,-68.7,-53.15,273.27,23.73
83.88,17617.4,-68.7,-53.16,273.27,23.61
83.68,17632.7,-68.7,-53.16,273.32,23.51
83.49,17647.9,-68.69,-53.16,273.26,23.4
83.3,17663.2,-68.67,-53.17,273.23,23.31
83.11,17678.4,-68.66,-53.18,273.19,23.19
82.92,17693.6,-68.64,-53.18,273.07,23.08
82.74,17708.9,-68.62,-53.19,273.05,22.97
82.55,17724.1,-68.61,-53.2,272.97,22.79
82.35,17739.4,-68.59,-53.2,272.78,22.61
82.16,17754.6,-68.57,-53.21,272.58,22.47
81.97,17769.8,-68.55,-53.22,272.37,22.33
81.78,17785.1,-68.53,-53.22,272.18,22.16
81.59,17800.3,-68.51,-53.23,272.07,21.96
81.4,17815.6,-68.49,-53.24,271.96,21.75
81.21,17830.8,-68.46,-53.25,271.96,21.54
81.0,17846.0,-68.44,-53.25,271.86,21.34
80.82,17861.3,-68.42,-53.26,271.76,21.16
80.64,17876.5,-68.39,-53.27,271.65,21.04
80.45,17891.8,-68.37,-53.27,271.54,20.92
80.27,17907.0,-68.34,-53.28,271.43,20.8
80.09,17922.2,-68.32,-53.28,271.33,20.7
79.92,17937.5,-68.29,-53.29,271.1,20.6
79.73,17952.7,-68.26,-53.3,270.6,20.48
79.55,17968.0,-68.24,-53.3,270.16,20.35
79.37,17983.2,-68.21,-53.31,269.78,20.25
79.19,17998.4,-68.2,-53.31,269.37,20.16
79.0,18013.7,-68.18,-53.31,269.02,20.08
78.79,18028.9,-68.17,-53.32,268.59,20.02
78.62,18044.2,-68.15,-53.32,268.12,19.96
78.44,18059.4,-68.14,-53.32,267.67,19.89
78.25,18074.6,-68.12,-53.32,267.13,19.8
78.07,18089.9,-68.11,-53.32,266.5,19.72
77.88,18105.1,-68.08,-53.32,265.68,19.63
77.69,18120.4,-68.06,-53.32,264.85,19.51
77.51,18135.6,-68.03,-53.32,263.63,19.38
77.35,18150.8,-68.0,-53.32,262.17,19.23
77.18,18166.1,-67.96,-53.32,260.68,19.06
77.03,18181.3,-67.92,-53.32,259.18,18.89
76.86,18196.6,-67.88,-53.32,257.75,18.72
76.69,18211.8,-67.84,-53.32,256.32,18.56
76.51,18227.0,-67.8,-53.32,255.11,18.41
76.33,18242.3,-67.77,-53.32,253.97,18.26
76.15,18257.5,-67.73,-53.32,252.74,18.12
75.98,18272.8,-67.7,-53.32,251.43,17.96
75.81,18288.0,-67.67,-53.32,250.16,17.8
75.63,18303.2,-67.63,-53.31,249.05,17.62
75.45,18318.5,-67.6,-53.31,247.96,17.47
75.28,18333.7,-67.56,-53.31,246.95,17.3
75.11,18349.0,-67.52,-53.31,246.07,17.14
74.93,18364.2,-67.49,-53.31,245.15,16.98
74.77,18379.4,-67.46,-53.31,244.09,16.83
74.6,18394.7,-67.42,-53.31,243.04,16.66
74.44,18409.9,-67.39,-53.3,241.53,16.47
74.28,18425.2,-67.36,-53.3,240.06,16.31
74.11,18440.4,-67.32,-53.3,238.47,16.21
73.95,18455.6,-67.29,-53.3,236.7,16.09
73.78,18470.9,-67.26,-53.3,234.34,15.96
73.62,18486.1,-67.23,-53.3,231.8,15.83
73.45,18501.4,-67.2,-53.3,229.18,15.7
73.28,18516.6,-67.17,-53.3,226.22,15.56
73.12,18531.8,-67.14,-53.3,224.0,15.43
72.96,18547.1,-67.1,-53.3,222.72,15.35
72.81,18562.3,-67.07,-53.29,221.41,15.29
72.65,18577.6,-67.04,-53.29,220.4,15.24
72.48,18592.8,-67.0,-53.29,219.77,15.16
72.31,18608.0,-66.96,-53.3,219.43,15.11
72.14,18623.3,-66.92,-53.3,218.42,15.08
71.96,18638.5,-66.9,-53.3,217.04,14.87
71.8,18653.8,-66.87,-53.31,216.07,14.65
71.64,18669.0,-66.84,-53.31,215.46,14.6
71.48,18684.2,-66.82,-53.31,214.89,14.54
71.33,18699.5,-66.79,-53.31,214.39,14.49
71.18,18714.7,-66.76,-53.31,214.06,14.42
71.03,18730.0,-66.73,-53.31,213.89,14.38
70.87,18745.2,-66.7,-53.32,213.6,14.33
70.72,18760.4,-66.67,-53.32,213.29,14.28
70.57,18775.7,-66.63,-53.32,212.99,14.2
70.41,18790.9,-66.6,-53.32,212.93,14.12
70.26,18806.2,-66.57,-53.32,212.92,14.07
70.1,18821.4,-66.54,-53.32,212.81,14.05
69.94,18836.6,-66.51,-53.32,212.29,14.03
69.79,18851.9,-66.47,-53.32,210.54,14.03
69.63,18867.1,-66.44,-53.32,208.6,14.01
69.48,18882.4,-66.4,-53.33,206.74,13.98
69.33,18897.6,-66.35,-53.33,204.21,13.94
69.18,18912.8,-66.3,-53.33,201.28,13.9
69.04,18928.1,-66.24,-53.33,198.27,13.86
68.89,18943.3,-66.18,-53.33,197.14,13.81
68.75,18958.6,-66.13,-53.34,196.51,13.74
68.58,18973.8,-66.08,-53.34,196.42,13.7
68.44,18989.0,-66.03,-53.34,196.26,13.67
68.29,19004.3,-65.98,-53.34,196.07,13.62
68.15,19019.5,-65.94,-53.34,195.85,13.55
68.0,19034.8,-65.9,-53.34,195.58,13.49
67.86,19050.0,-65.86,-53.35,195.49,13.46
67.72,19065.2,-65.82,-53.35,195.45,13.45
67.58,19080.5,-65.79,-53.35,195.4,13.44
67.44,19095.7,-65.75,-53.35,195.68,13.43
67.29,19111.0,-65.71,-53.35,196.05,13.45
67.15,19126.2,-65.67,-53.35,196.64,13.47
67.0,19141.4,-65.64,-53.35,197.3,13.49
66.86,19156.7,-65.61,-53.35,197.85,13.49
66.72,19171.9,-65.57,-53.35,198.34,13.46
66.57,19187.2,-65.54,-53.35,198.76,13.4
66.42,19202.4,-65.5,-53.35,198.28,13.34
66.28,19217.6,-65.47,-53.35,197.52,13.27
66.15,19232.9,-65.43,-53.35,196.78,13.22
66.01,19248.1,-65.39,-53.35,196.23,13.16
65.86,19263.4,-65.37,-53.35,196.71,13.1
65.71,19278.6,-65.35,-53.35,197.18,13.04
65.58,19293.8,-65.32,-53.35,197.65,13.0
65.45,19309.1,-65.29,-53.35,198.27,12.97
65.32,19324.3,-65.27,-53.35,197.88,12.95
65.19,19339.6,-65.24,-53.35,196.6,12.93
65.05,19354.8,-65.21,-53.35,194.71,12.91
64.91,19370.0,-65.18,-53.35,192.24,12.88
64.78,19385.3,-65.14,-53.35,189.77,12.85
64.66,19400.5,-65.11,-53.35,187.96,12.83
64.53,19415.8,-65.08,-53.35,187.12,12.79
64.41,19431.0,-65.05,-53.35,186.87,12.75
64.28,19446.2,-65.02,-53.35,186.5,12.7
64.15,19461.5,-64.99,-53.35,186.13,12.65
64.02,19476.7,-64.96,-53.36,185.8,12.6
63.89,19492.0,-64.93,-53.36,185.47,12.53
63.76,19507.2,-64.9,-53.36,185.0,12.45
63.63,19522.4,-64.87,-53.36,184.46,12.37
63.5,19537.7,-64.84,-53.36,183.65,12.3
63.36,19552.9,-64.81,-53.36,182.51,12.23
63.23,19568.2,-64.78,-53.36,181.22,12.16
63.1,19583.4,-64.75,-53.36,180.4,12.13
62.98,19598.6,-64.73,-53.36,179.58,12.11
62.85,19613.9,-64.7,-53.36,179.28,12.11
62.72,19629.1,-64.68,-53.36,179.04,12.11
62.59,19644.4,-64.65,-53.36,179.27,12.13
62.46,19659.6,-64.62,-53.36,179.64,12.15
62.33,19674.8,-64.6,-53.36,180.04,12.19
62.2,19690.1,-64.57,-53.36,180.43,12.25
62.07,19705.3,-64.54,-53.36,180.83,12.3
61.94,19720.6,-64.52,-53.37,181.08,12.36
61.81,19735.8,-64.49,-53.37,181.2,12.41
61.68,19751.0,-64.46,-53.37,181.36,12.49
61.55,19766.3,-64.44,-53.37,181.86,12.56
61.42,19781.5,-64.41,-53.37,182.3,12.63
61.3,19796.8,-64.39,-53.37,182.54,12.66
61.17,19812.0,-64.36,-53.37,182.75,12.69
61.05,19827.2,-64.34,-53.37,182.83,12.7
60.92,19842.5,-64.31,-53.38,182.5,12.72
60.8,19857.7,-64.28,-53.38,181.7,12.74
60.67,19873.0,-64.25,-53.38,180.86,12.76
60.55,19888.2,-64.23,-53.38,179.74,12.79
60.42,19903.4,-64.2,-53.38,179.65,12.84
60.3,19918.7,-64.17,-53.39,179.72,12.91
60.18,19933.9,-64.15,-53.39,180.13,12.95
60.05,19949.2,-64.13,-53.39,180.72,12.98
59.93,19964.4,-64.11,-53.39,181.67,13.0
59.81,19979.6,-64.09,-53.39,182.82,13.02
59.7,19994.9,-64.07,-53.4,184.01,13.02
59.58,20010.1,-64.06,-53.4,184.3,12.99
59.47,20025.4,-64.05,-53.4,184.19,12.96
59.35,20040.6,-64.03,-53.4,184.01,12.93
59.23,20055.8,-64.02,-53.41,183.75,12.94
59.11,20071.1,-64.0,-53.41,183.62,12.96
58.99,20086.3,-63.97,-53.41,183.42,12.99
58.87,20101.6,-63.95,-53.41,183.32,13.02
58.75,20116.8,-63.92,-53.41,183.29,13.02
58.63,20132.0,-63.89,-53.41,183.3,13.01
58.52,20147.3,-63.86,-53.41,183.3,13.0
58.4,20162.5,-63.83,-53.41,183.31,12.99
58.3,20177.8,-63.79,-53.41,183.19,12.96
58.17,20193.0,-63.75,-53.41,177.12,12.7
58.06,20208.2,-63.71,-53.41,173.9,12.52
57.93,20223.5,-63.67,-53.41,172.99,12.44
57.83,20238.7,-63.63,-53.41,170.96,12.36
57.72,20254.0,-63.58,-53.41,168.92,12.28
57.62,20269.2,-63.54,-53.41,166.98,12.2
57.51,20284.4,-63.5,-53.41,164.94,12.13
57.4,20299.7,-63.45,-53.41,162.88,12.04
57.29,20314.9,-63.4,-53.41,160.83,11.96
57.18,20330.2,-63.35,-53.41,158.89,11.9
57.07,20345.4,-63.3,-53.41,157.54,11.85
56.95,20360.6,-63.25,-53.4,156.73,11.8
56.84,20375.9,-63.2,-53.4,155.91,11.75
56.73,20391.1,-63.15,-53.4,155.11,11.7
56.62,20406.4,-63.11,-53.4,154.39,11.64
56.52,20421.6,-63.06,-53.4,153.01,11.56
56.41,20436.8,-63.02,-53.4,151.34,11.48
56.3,20452.1,-62.97,-53.4,149.67,11.41
56.2,20467.3,-62.93,-53.4,148.19,11.38
56.09,20482.6,-62.89,-53.39,146.83,11.35
55.98,20497.8,-62.84,-53.39,145.46,11.33
55.88,20513.0,-62.8,-53.39,144.11,11.3
55.78,20528.3,-62.74,-53.39,143.9,11.24
55.68,20543.5,-62.69,-53.38,144.05,11.24
55.58,20558.8,-62.63,-53.38,144.13,11.22
55.47,20574.0,-62.57,-53.38,144.5,11.2
55.37,20589.2,-62.52,-53.38,145.22,11.21
55.26,20604.5,-62.47,-53.38,145.95,11.23
55.16,20619.7,-62.41,-53.38,146.67,11.25
55.06,20635.0,-62.36,-53.38,147.24,11.3
54.95,20650.2,-62.3,-53.38,147.63,11.4
54.83,20665.4,-62.26,-53.37,147.65,11.55
54.71,20680.7,-62.22,-53.37,147.33,11.7
54.6,20695.9,-62.18,-53.35,146.73,11.89
54.49,20711.2,-62.14,-53.34,145.71,12.06
54.38,20726.4,-62.1,-53.33,144.56,12.22
54.28,20741.6,-62.06,-53.32,143.43,12.38
54.18,20756.9,-62.03,-53.31,142.27,12.51
54.08,20772.1,-62.0,-53.31,141.1,12.64
53.98,20787.4,-61.97,-53.31,139.98,12.76
53.89,20802.6,-61.95,-53.3,139.16,12.85
53.79,20817.8,-61.93,-53.3,138.44,12.93
53.69,20833.1,-61.91,-53.3,137.69,13.01
53.6,20848.3,-61.89,-53.3,136.96,13.09
53.5,20863.6,-61.87,-53.3,136.23,13.17
53.41,20878.8,-61.85,-53.29,135.49,13.26
53.31,20894.0,-61.83,-53.29,134.74,13.34
53.22,20909.3,-61.81,-53.29,133.62,13.41
53.11,20924.5,-61.79,-53.29,131.77,13.41
53.0,20939.8,-61.78,-53.29,129.53,13.34
52.88,20955.0,-61.76,-53.29,127.52,13.24
52.78,20970.2,-61.74,-53.28,126.49,13.23
52.69,20985.5,-61.72,-53.28,125.53,13.23
52.59,21000.7,-61.7,-53.28,124.58,13.23
52.5,21016.0,-61.68,-53.27,123.62,13.23
52.4,21031.2,-61.66,-53.27,123.08,13.22
52.3,21046.4,-61.64,-53.26,122.87,13.2
52.2,21061.7,-61.61,-53.26,122.56,13.22
52.11,21076.9,-61.59,-53.26,122.09,13.27
52.02,21092.2,-61.57,-53.26,121.59,13.34
51.93,21107.4,-61.54,-53.26,121.09,13.4
51.83,21122.6,-61.52,-53.26,120.59,13.46
51.75,21137.9,-61.49,-53.25,120.08,13.53
51.66,21153.1,-61.47,-53.25,119.57,13.59
51.56,21168.4,-61.44,-53.25,118.73,13.64
51.47,21183.6,-61.42,-53.25,119.16,13.68
51.38,21198.8,-61.4,-53.25,119.65,13.73
51.28,21214.1,-61.37,-53.24,120.17,13.73
51.17,21229.3,-61.35,-53.24,120.82,13.67
51.06,21244.6,-61.32,-53.24,121.47,13.6
50.96,21259.8,-61.29,-53.24,122.13,13.52
50.87,21275.0,-61.26,-53.24,122.78,13.44
50.78,21290.3,-61.23,-53.23,123.5,13.35
50.69,21305.5,-61.2,-53.23,124.31,13.27
50.6,21320.8,-61.17,-53.23,124.59,13.16
50.52,21336.0,-61.14,-53.23,124.86,13.03
50.43,21351.2,-61.11,-53.23,125.14,12.93
50.34,21366.5,-61.09,-53.23,125.45,12.9
50.25,21381.7,-61.06,-53.22,125.77,12.87
50.17,21397.0,-61.03,-53.22,126.1,12.84
50.09,21412.2,-61.0,-53.22,126.42,12.81
50.01,21427.4,-60.97,-53.22,126.64,12.78
49.92,21442.7,-60.95,-53.21,126.59,12.72
49.81,21457.9,-60.92,-53.21,126.24,12.46
49.73,21473.2,-60.9,-53.21,126.19,12.44
49.65,21488.4,-60.87,-53.2,126.36,12.44
49.57,21503.6,-60.85,-53.2,126.43,12.41
49.49,21518.9,-60.82,-53.2,126.52,12.38
49.41,21534.1,-60.79,-53.19,126.61,12.35
49.33,21549.4,-60.77,-53.19,126.69,12.32
49.25,21564.6,-60.74,-53.18,126.78,12.29
49.16,21579.8,-60.71,-53.18,126.92,12.27
49.08,21595.1,-60.67,-53.17,127.12,12.25
49.0,21610.3,-60.64,-53.16,127.51,12.27
48.91,21625.6,-60.61,-53.16,128.12,12.3
48.83,21640.8,-60.58,-53.15,128.38,12.33
48.74,21656.0,-60.55,-53.15,128.31,12.36
48.66,21671.3,-60.52,-53.14,128.24,12.4
48.58,21686.5,-60.49,-53.13,128.17,12.43
48.5,21701.8,-60.46,-53.13,128.09,12.47
48.42,21717.0,-60.44,-53.12,128.02,12.5
48.34,21732.2,-60.41,-53.12,127.88,12.54
48.26,21747.5,-60.38,-53.11,127.72,12.55
48.18,21762.7,-60.36,-53.1,127.0,12.55
48.09,21778.0,-60.33,-53.1,126.25,12.53
48.0,21793.2,-60.31,-53.09,125.56,12.52
47.92,21808.4,-60.29,-53.08,124.9,12.52
47.85,21823.7,-60.26,-53.08,124.25,12.51
47.78,21838.9,-60.24,-53.07,123.6,12.51
47.71,21854.2,-60.21,-53.07,122.94,12.51
47.64,21869.4,-60.19,-53.06,122.71,12.5
47.56,21884.6,-60.17,-53.06,123.08,12.48
47.49,21899.9,-60.15,-53.05,123.67,12.5
47.42,21915.1,-60.12,-53.04,124.55,12.56
47.34,21930.4,-60.1,-53.04,125.19,12.61
47.26,21945.6,-60.08,-53.03,125.88,12.65
47.18,21960.8,-60.06,-53.03,126.59,12.69
47.1,21976.1,-60.04,-53.02,127.29,12.73
47.02,21991.3,-60.02,-53.01,127.99,12.77
46.94,22006.6,-60.0,-53.01,128.7,12.82
46.86,22021.8,-59.98,-53.0,129.1,12.86
46.78,22037.0,-59.96,-53.0,128.82,12.92
46.7,22052.3,-59.94,-52.99,128.27,12.94
46.62,22067.5,-59.93,-52.99,128.33,12.93
46.54,22082.8,-59.91,-52.99,128.54,12.92
46.46,22098.0,-59.89,-52.98,128.79,12.93
46.38,22113.2,-59.88,-52.98,129.04,12.94
46.3,22128.5,-59.86,-52.98,129.3,12.94
46.22,22143.7,-59.84,-52.97,129.55,12.95
46.14,22159.0,-59.83,-52.97,129.8,12.95
46.07,22174.2,-59.81,-52.96,130.05,12.95
45.99,22189.4,-59.79,-52.96,130.29,12.93
45.92,22204.7,-59.77,-52.95,130.52,12.92
45.85,22219.9,-59.75,-52.95,130.52,12.91
45.78,22235.2,-59.73,-52.94,130.05,12.9
45.7,22250.4,-59.71,-52.94,129.54,12.9
45.63,22265.6,-59.7,-52.93,128.88,12.91
45.55,22280.9,-59.68,-52.93,128.21,12.92
45.48,22296.1,-59.67,-52.92,127.54,12.93
45.41,22311.4,-59.65,-52.92,126.88,12.93
45.33,22326.6,-59.64,-52.91,126.21,12.94
45.26,22341.8,-59.62,-52.91,125.44,12.97
45.18,22357.1,-59.61,-52.9,124.48,13.02
45.1,22372.3,-59.6,-52.9,123.35,13.05
45.02,22387.6,-59.58,-52.89,122.09,13.1
44.95,22402.8,-59.56,-52.89,120.99,13.13
44.88,22418.0,-59.55,-52.88,120.02,13.14
44.81,22433.3,-59.53,-52.88,119.11,13.15
44.74,22448.5,-59.51,-52.87,118.21,13.16
44.67,22463.8,-59.49,-52.87,117.3,13.16
44.6,22479.0,-59.48,-52.86,116.4,13.17
44.53,22494.2,-59.46,-52.86,115.49,13.18
44.45,22509.5,-59.44,-52.85,114.65,13.19
44.38,22524.7,-59.42,-52.85,114.04,13.19
44.3,22540.0,-59.39,-52.84,117.42,13.19
44.23,22555.2,-59.36,-52.84,121.07,13.18
44.16,22570.4,-59.33,-52.83,121.82,13.17
44.09,22585.7,-59.3,-52.83,121.04,13.17
44.02,22600.9,-59.26,-52.83,120.27,13.16
43.95,22616.2,-59.23,-52.82,119.51,13.15
43.88,22631.4,-59.2,-52.82,118.74,13.15
43.82,22646.6,-59.17,-52.82,117.97,13.13
43.75,22661.9,-59.14,-52.82,117.2,13.12
43.69,22677.1,-59.11,-52.82,116.48,13.11
43.62,22692.4,-59.08,-52.81,115.71,13.1
43.55,22707.6,-59.04,-52.81,114.97,13.09
43.48,22722.8,-59.01,-52.81,114.96,13.11
43.41,22738.1,-58.98,-52.81,114.38,13.15
43.34,22753.3,-58.95,-52.8,113.72,13.23
43.27,22768.6,-58.92,-52.8,112.98,13.29
43.2,22783.8,-58.89,-52.79,112.23,13.36
43.13,22799.0,-58.86,-52.79,111.48,13.42
43.07,22814.3,-58.83,-52.78,110.73,13.49
43.01,22829.5,-58.8,-52.77,109.99,13.55
42.95,22844.8,-58.77,-52.77,109.24,13.61
42.89,22860.0,-58.75,-52.76,108.56,13.67
42.82,22875.2,-58.72,-52.76,107.91,13.73
42.75,22890.5,-58.69,-52.75,107.36,13.78
42.68,22905.7,-58.66,-52.74,107.14,13.81
42.61,22921.0,-58.63,-52.74,107.52,13.82
42.53,22936.2,-58.6,-52.73,107.92,13.86
42.46,22951.4,-58.57,-52.72,108.4,13.89
42.39,22966.7,-58.55,-52.72,108.88,13.93
42.32,22981.9,-58.52,-52.71,109.35,13.97
42.26,22997.2,-58.5,-52.71,109.83,14.0
42.19,23012.4,-58.47,-52.7,110.31,14.04
42.13,23027.6,-58.45,-52.7,110.79,14.08
42.06,23042.9,-58.43,-52.69,111.26,14.12
42.0,23058.1,-58.41,-52.69,111.74,14.15
41.94,23073.4,-58.39,-52.68,112.15,14.19
41.88,23088.6,-58.37,-52.68,112.24,14.24
41.82,23103.8,-58.36,-52.68,112.3,14.3
41.76,23119.1,-58.34,-52.67,112.25,14.33
41.7,23134.3,-58.32,-52.67,112.17,14.36
41.64,23149.6,-58.3,-52.66,112.09,14.39
41.58,23164.8,-58.28,-52.66,112.01,14.42
41.52,23180.0,-58.27,-52.65,111.93,14.46
41.47,23195.3,-58.25,-52.65,111.85,14.49
41.41,23210.5,-58.23,-52.64,111.77,14.52
41.34,23225.8,-58.21,-52.63,111.66,14.56
41.27,23241.0,-58.18,-52.63,111.47,14.59
41.22,23256.2,-58.15,-52.62,111.36,14.61
41.16,23271.5,-58.12,-52.61,111.29,14.6
41.1,23286.7,-58.1,-52.6,111.19,14.59
41.03,23302.0,-58.07,-52.59,111.44,14.52
40.97,23317.2,-58.04,-52.58,111.84,14.43
40.91,23332.4,-58.01,-52.57,112.23,14.33
40.84,23347.7,-57.98,-52.57,112.62,14.24
40.78,23362.9,-57.95,-52.56,113.01,14.15
40.72,23378.2,-57.92,-52.55,113.39,14.06
40.66,23393.4,-57.89,-52.54,113.78,13.97
40.6,23408.6,-57.86,-52.53,114.17,13.87
40.54,23423.9,-57.83,-52.53,114.56,13.78
40.48,23439.1,-57.81,-52.52,114.95,13.69
40.42,23454.4,-57.78,-52.51,115.01,13.62
40.36,23469.6,-57.75,-52.51,115.03,13.58
40.3,23484.8,-57.72,-52.5,115.08,13.55
40.23,23500.1,-57.7,-52.49,114.99,13.54
40.17,23515.3,-57.67,-52.48,114.88,13.54
40.1,23530.6,-57.64,-52.48,114.77,13.54
40.05,23545.8,-57.61,-52.47,114.67,13.54
39.99,23561.0,-57.58,-52.46,114.56,13.55
39.93,23576.3,-57.54,-52.45,114.45,13.55
39.88,23591.5,-57.51,-52.44,114.35,13.56
39.82,23606.8,-57.47,-52.43,114.18,13.56
39.77,23622.0,-57.44,-52.42,113.93,13.56
39.71,23637.2,-57.41,-52.4,113.66,13.54
39.66,23652.5,-57.37,-52.39,113.54,13.53
39.6,23667.7,-57.34,-52.38,113.46,13.51
39.55,23683.0,-57.3,-52.37,113.42,13.49
39.49,23698.2,-57.27,-52.36,113.37,13.48
39.43,23713.4,-57.23,-52.34,113.22,13.49
39.37,23728.7,-57.19,-52.33,113.06,13.49
39.32,23743.9,-57.14,-52.32,112.9,13.49
39.26,23759.2,-57.1,-52.31,112.75,13.5
39.2,23774.4,-57.06,-52.3,112.59,13.5
39.15,23789.6,-57.02,-52.28,112.43,13.5
39.09,23804.9,-56.98,-52.27,112.27,13.51
39.03,23820.1,-56.94,-52.26,112.12,13.51
38.97,23835.4,-56.9,-52.25,112.26,13.54
38.91,23850.6,-56.85,-52.24,112.4,13.57
38.86,23865.8,-56.81,-52.23,112.31,13.6
38.8,23881.1,-56.77,-52.21,111.75,13.63
38.74,23896.3,-56.73,-52.2,111.15,13.65
38.67,23911.6,-56.7,-52.19,110.51,13.66
38.61,23926.8,-56.66,-52.18,109.93,13.65
38.55,23942.0,-56.63,-52.17,109.35,13.64
38.49,23957.3,-56.59,-52.16,108.77,13.63
38.43,23972.5,-56.56,-52.15,108.19,13.62
38.37,23987.8,-56.53,-52.13,107.61,13.61
38.31,24003.0,-56.49,-52.12,107.03,13.6
38.25,24018.2,-56.46,-52.11,106.46,13.59
38.19,24033.5,-56.43,-52.1,105.88,13.58
38.13,24048.7,-56.4,-52.09,105.23,13.58
38.08,24064.0,-56.37,-52.08,104.55,13.58
38.03,24079.2,-56.34,-52.06,103.92,13.54
37.97,24094.4,-56.31,-52.05,104.08,13.47
37.92,24109.7,-56.28,-52.04,104.33,13.42
37.87,24124.9,-56.26,-52.03,104.73,13.37
37.82,24140.2,-56.23,-52.02,105.29,13.32
37.76,24155.4,-56.2,-52.01,105.88,13.28
37.71,24170.6,-56.17,-52.0,106.47,13.23
37.66,24185.9,-56.14,-51.99,107.06,13.19
37.61,24201.1,-56.11,-51.97,107.65,13.15
37.55,24216.4,-56.08,-51.96,108.23,13.1
37.5,24231.6,-56.05,-51.95,108.82,13.06
37.45,24246.8,-56.02,-51.94,109.41,13.02
37.4,24262.1,-56.0,-51.93,109.99,12.97
37.35,24277.3,-55.97,-51.92,110.52,12.92
37.3,24292.6,-55.94,-51.91,111.06,12.86
37.25,24307.8,-55.91,-51.89,112.01,12.85
37.2,24323.0,-55.88,-51.88,112.95,12.85
37.14,24338.3,-55.85,-51.87,113.74,12.87
37.08,24353.5,-55.82,-51.85,114.56,12.89
37.01,24368.8,-55.79,-51.84,115.36,12.91
36.94,24384.0,-55.76,-51.83,116.17,12.93
36.88,24399.2,-55.73,-51.81,116.98,12.95
36.83,24414.5,-55.71,-51.8,117.8,12.97
36.78,24429.7,-55.68,-51.79,118.62,12.99
36.72,24445.0,-55.66,-51.78,119.54,13.01
36.67,24460.2,-55.64,-51.76,120.46,13.03
36.62,24475.4,-55.61,-51.75,121.38,13.05
36.57,24490.7,-55.59,-51.74,122.29,13.07
36.52,24505.9,-55.56,-51.72,123.12,13.09
36.46,24521.2,-55.54,-51.71,123.91,13.11
36.41,24536.4,-55.52,-51.7,124.72,13.13
36.36,24551.6,-55.49,-51.68,125.41,13.15
36.3,24566.9,-55.47,-51.67,126.21,13.15
36.25,24582.1,-55.44,-51.65,127.02,13.16
36.2,24597.4,-55.42,-51.65,127.71,13.17
36.15,24612.6,-55.4,-51.64,128.32,13.19
36.11,24627.8,-55.38,-51.63,128.94,13.2
36.06,24643.1,-55.36,-51.62,129.55,13.21
36.02,24658.3,-55.34,-51.61,130.17,13.23
35.98,24673.6,-55.31,-51.6,130.78,13.25
35.93,24688.8,-55.29,-51.6,131.4,13.26
35.89,24704.0,-55.27,-51.59,132.01,13.28
35.85,24719.3,-55.24,-51.58,132.63,13.29
35.81,24734.5,-55.22,-51.57,133.25,13.31
35.77,24749.8,-55.19,-51.56,134.01,13.33
35.72,24765.0,-55.16,-51.55,134.79,13.34
35.68,24780.2,-55.14,-51.55,135.31,13.35
35.62,24795.5,-55.11,-51.54,135.65,13.38
35.56,24810.7,-55.08,-51.53,135.9,13.41
35.51,24826.0,-55.05,-51.52,136.1,13.44
35.46,24841.2,-55.03,-51.51,136.25,13.46
35.42,24856.4,-55.0,-51.5,136.4,13.48
35.37,24871.7,-54.97,-51.49,136.55,13.51
35.32,24886.9,-54.94,-51.48,136.7,13.53
35.28,24902.2,-54.91,-51.47,136.85,13.56
35.23,24917.4,-54.88,-51.46,137.0,13.58
35.19,24932.6,-54.86,-51.45,137.16,13.61
35.14,24947.9,-54.83,-51.44,137.31,13.64
35.1,24963.1,-54.81,-51.43,137.47,13.66
35.06,24978.4,-54.79,-51.42,137.62,13.69
35.02,24993.6,-54.77,-51.41,137.74,13.71
34.97,25008.8,-54.74,-51.4,137.81,13.73
34.93,25024.1,-54.72,-51.39,137.83,13.73
34.89,25039.3,-54.7,-51.38,137.83,13.72
34.84,25054.6,-54.67,-51.37,137.85,13.7
34.8,25069.8,-54.65,-51.36,137.95,13.67
34.75,25085.0,-54.63,-51.35,138.26,13.63
34.71,25100.3,-54.6,-51.35,138.58,13.6
34.66,25115.5,-54.57,-51.34,138.89,13.57
34.62,25130.8,-54.55,-51.33,139.2,13.54
34.57,25146.0,-54.52,-51.32,139.51,13.51
34.52,25161.2,-54.5,-51.31,139.83,13.48
34.48,25176.5,-54.47,-51.3,140.14,13.45
34.43,25191.7,-54.45,-51.29,140.45,13.42
34.38,25207.0,-54.42,-51.28,140.76,13.39
34.34,25222.2,-54.4,-51.28,141.09,13.36
34.29,25237.4,-54.37,-51.27,141.43,13.33
34.25,25252.7,-54.35,-51.26,141.76,13.3
34.2,25267.9,-54.32,-51.25,142.11,13.27
34.16,25283.2,-54.3,-51.25,142.49,13.25
34.12,25298.4,-54.27,-51.24,142.94,13.24
34.07,25313.6,-54.25,-51.23,143.49,13.22
34.03,25328.9,-54.23,-51.23,144.13,13.21
33.98,25344.1,-54.21,-51.22,144.76,13.21
33.94,25359.4,-54.18,-51.21,145.49,13.2
33.89,25374.6,-54.16,-51.2,146.19,13.19
33.85,25389.8,-54.14,-51.2,146.9,13.18
33.8,25405.1,-54.11,-51.19,147.61,13.17
33.76,25420.3,-54.09,-51.18,148.31,13.16
33.71,25435.6,-54.07,-51.18,149.02,13.15
33.67,25450.8,-54.06,-51.17,149.73,13.14
33.63,25466.0,-54.04,-51.16,150.44,13.13
33.58,25481.3,-54.02,-51.16,151.14,13.12
33.54,25496.5,-54.0,-51.15,151.85,13.11
33.5,25511.8,-53.99,-51.15,152.56,13.1
33.45,25527.0,-53.97,-51.14,153.24,13.1
33.4,25542.2,-53.95,-51.14,153.91,13.11
33.36,25557.5,-53.94,-51.13,154.53,13.11
33.32,25572.7,-53.92,-51.13,155.2,13.11
33.27,25588.0,-53.91,-51.12,155.7,13.12
33.22,25603.2,-53.89,-51.12,156.11,13.14
33.17,25618.4,-53.87,-51.11,156.23,13.15
33.12,25633.7,-53.86,-51.11,156.18,13.17
33.08,25648.9,-53.85,-51.11,155.93,13.18
33.04,25664.2,-53.84,-51.1,155.67,13.19
33.0,25679.4,-53.83,-51.1,155.4,13.21
32.96,25694.6,-53.82,-51.1,155.13,13.22
32.92,25709.9,-53.81,-51.09,154.87,13.24
32.89,25725.1,-53.8,-51.09,154.6,13.25
32.85,25740.4,-53.79,-51.09,154.33,13.26
32.81,25755.6,-53.78,-51.08,154.07,13.28
32.77,25770.8,-53.77,-51.08,153.8,13.29
32.73,25786.1,-53.75,-51.08,153.53,13.31
32.7,25801.3,-53.74,-51.07,153.26,13.32
32.66,25816.6,-53.73,-51.07,152.99,13.33
32.63,25831.8,-53.72,-51.07,152.72,13.35
32.59,25847.0,-53.72,-51.07,152.33,13.36
32.55,25862.3,-53.71,-51.06,151.76,13.36
32.51,25877.5,-53.69,-51.06,150.78,13.31
32.48,25892.8,-53.68,-51.06,149.64,13.24
32.43,25908.0,-53.67,-51.05,148.58,13.17
32.39,25923.2,-53.66,-51.05,147.54,13.1
32.35,25938.5,-53.66,-51.05,146.93,13.01
32.3,25953.7,-53.65,-51.04,146.52,12.91
32.26,25969.0,-53.64,-51.04,146.1,12.81
32.22,25984.2,-53.63,-51.04,145.69,12.71
32.17,25999.4,-53.62,-51.03,145.27,12.61
32.13,26014.7,-53.62,-51.03,145.33,12.53
32.09,26029.9,-53.61,-51.03,145.66,12.47
32.06,26045.2,-53.61,-51.03,145.99,12.4
32.02,26060.4,-53.6,-51.02,146.32,12.34
31.99,26075.6,-53.6,-51.02,146.65,12.27
31.96,26090.9,-53.59,-51.02,146.99,12.21
31.93,26106.1,-53.59,-51.02,147.45,12.14
31.9,26121.4,-53.59,-51.02,148.17,12.08
31.87,26136.6,-53.6,-51.02,148.88,12.01
31.84,26151.8,-53.6,-51.02,149.65,11.95
31.81,26167.1,-53.6,-51.02,150.35,11.9
31.77,26182.3,-53.59,-51.02,151.13,11.86
31.73,26197.6,-53.59,-51.02,152.1,11.82
31.69,26212.8,-53.59,-51.01,153.08,11.77
31.66,26228.0,-53.58,-51.01,153.97,11.73
31.62,26243.3,-53.58,-51.01,154.15,11.72
31.59,26258.5,-53.57,-51.0,153.64,11.7
31.55,26273.8,-53.57,-51.0,153.13,11.69
31.51,26289.0,-53.56,-50.99,152.62,11.68
31.47,26304.2,-53.55,-50.99,152.11,11.67
31.44,26319.5,-53.54,-50.98,151.59,11.65
31.41,26334.7,-53.54,-50.98,151.06,11.63
31.38,26350.0,-53.53,-50.97,150.48,11.62
31.35,26365.2,-53.52,-50.97,149.89,11.6
31.32,26380.4,-53.51,-50.97,149.31,11.59
31.29,26395.7,-53.5,-50.96,148.83,11.57
31.27,26410.9,-53.49,-50.96,149.14,11.56
31.24,26426.2,-53.48,-50.95,149.48,11.55
31.21,26441.4,-53.48,-50.95,149.81,11.54
31.19,26456.6,-53.47,-50.95,150.07,11.52
31.16,26471.9,-53.46,-50.95,150.36,11.51
31.13,26487.1,-53.45,-50.95,150.55,11.5
31.1,26502.4,-53.44,-50.95,149.98,11.5
31.06,26517.6,-53.43,-50.94,149.27,11.5
31.02,26532.8,-53.43,-50.94,148.54,11.54
30.99,26548.1,-53.42,-50.94,147.8,11.56
30.95,26563.3,-53.41,-50.94,147.04,11.57
30.91,26578.6,-53.4,-50.94,146.28,11.58
30.88,26593.8,-53.4,-50.94,145.83,11.6
30.85,26609.0,-53.39,-50.94,145.89,11.63
30.81,26624.3,-53.38,-50.93,145.95,11.66
30.78,26639.5,-53.37,-50.93,146.01,11.69
30.75,26654.8,-53.36,-50.93,146.07,11.72
30.71,26670.0,-53.35,-50.93,146.14,11.75
30.68,26685.2,-53.35,-50.93,146.2,11.78
30.65,26700.5,-53.34,-50.93,146.25,11.8
30.62,26715.7,-53.33,-50.93,146.31,11.83
30.59,26731.0,-53.32,-50.92,146.37,11.86
30.56,26746.2,-53.31,-50.92,146.42,11.89
30.53,26761.4,-53.3,-50.92,146.45,11.91
30.5,26776.7,-53.29,-50.92,146.47,11.93
30.47,26791.9,-53.28,-50.91,146.48,11.95
30.44,26807.2,-53.28,-50.91,146.47,11.96
30.41,26822.4,-53.27,-50.91,146.48,11.97
30.37,26837.6,-53.26,-50.91,146.26,11.97
30.34,26852.9,-53.25,-50.91,145.92,11.97
30.3,26868.1,-53.24,-50.9,145.52,11.96
30.27,26883.4,-53.23,-50.9,145.15,11.94
30.23,26898.6,-53.22,-50.9,144.84,11.94
30.2,26913.8,-53.21,-50.9,144.52,11.93
30.17,26929.1,-53.19,-50.89,144.21,11.92
30.14,26944.3,-53.18,-50.89,143.89,11.91
30.12,26959.6,-53.16,-50.89,143.58,11.9
30.09,26974.8,-53.15,-50.88,143.26,11.89
30.06,26990.0,-53.13,-50.88,142.94,11.89
30.03,27005.3,-53.11,-50.87,142.63,11.88
30.01,27020.5,-53.1,-50.87,142.33,11.87
29.98,27035.8,-53.09,-50.86,142.04,11.86
29.96,27051.0,-53.07,-50.86,141.74,11.85
29.94,27066.2,-53.06,-50.86,141.45,11.83
29.92,27081.5,-53.05,-50.85,141.15,11.82
29.89,27096.7,-53.03,-50.85,140.87,11.81
29.87,27112.0,-53.02,-50.85,140.6,11.79
29.85,27127.2,-53.01,-50.84,140.37,11.77
29.83,27142.4,-53.0,-50.84,140.15,11.75
29.81,27157.7,-52.99,-50.83,139.93,11.73
29.79,27172.9,-52.98,-50.83,139.62,11.73
29.77,27188.2,-52.97,-50.83,139.58,11.73
29.75,27203.4,-52.96,-50.83,139.86,11.73
29.73,27218.6,-52.95,-50.82,140.17,11.73
29.71,27233.9,-52.94,-50.82,140.49,11.74
29.68,27249.1,-52.93,-50.82,140.82,11.75
29.66,27264.4,-52.92,-50.81,141.15,11.77
29.64,27279.6,-52.91,-50.81,141.49,11.78
29.62,27294.8,-52.9,-50.81,141.82,11.8
29.59,27310.1,-52.89,-50.8,142.15,11.81
29.57,27325.3,-52.88,-50.8,142.48,11.83
29.55,27340.6,-52.87,-50.8,142.81,11.84
29.53,27355.8,-52.86,-50.79,143.14,11.86
29.5,27371.0,-52.85,-50.79,143.47,11.87
29.48,27386.3,-52.84,-50.79,143.8,11.89
29.46,27401.5,-52.83,-50.78,144.13,11.9
29.43,27416.8,-52.82,-50.78,144.46,11.92
29.41,27432.0,-52.81,-50.78,144.79,11.93
29.39,27447.2,-52.8,-50.78,145.12,11.95
29.37,27462.5,-52.79,-50.77,145.41,11.97
29.35,27477.7,-52.78,-50.77,145.69,12.0
29.33,27493.0,-52.77,-50.76,145.97,12.03
29.31,27508.2,-52.75,-50.76,146.25,12.06
29.29,27523.4,-52.74,-50.75,146.62,12.09
29.26,27538.7,-52.73,-50.75,146.8,12.11
29.22,27553.9,-52.72,-50.75,146.62,12.11
29.19,27569.2,-52.7,-50.74,143.87,11.98
29.17,27584.4,-52.69,-50.73,140.81,11.84
29.14,27599.6,-52.67,-50.72,137.75,11.7
29.11,27614.9,-52.66,-50.72,134.86,11.55
29.08,27630.1,-52.64,-50.71,132.07,11.4
29.06,27645.4,-52.63,-50.7,130.81,11.32
29.04,27660.6,-52.61,-50.69,129.76,11.26
29.02,27675.8,-52.6,-50.69,128.72,11.2
28.99,27691.1,-52.58,-50.68,127.67,11.14
28.97,27706.3,-52.57,-50.67,126.63,11.08
28.95,27721.6,-52.55,-50.67,125.86,11.04
28.93,27736.8,-52.54,-50.66,126.03,11.05
28.92,27752.0,-52.52,-50.65,126.35,11.06
28.9,27767.3,-52.51,-50.64,126.66,11.08
28.88,27782.5,-52.5,-50.64,126.98,11.09
28.87,27797.8,-52.48,-50.63,127.29,11.11
28.85,27813.0,-52.47,-50.62,127.6,11.12
28.84,27828.2,-52.45,-50.61,127.92,11.14
28.82,27843.5,-52.43,-50.6,128.23,11.15
28.81,27858.7,-52.42,-50.59,128.52,11.17
28.8,27874.0,-52.4,-50.58,128.8,11.18
28.78,27889.2,-52.38,-50.57,129.08,11.19
28.77,27904.4,-52.37,-50.56,129.35,11.2
28.76,27919.7,-52.35,-50.55,129.51,11.19
28.74,27934.9,-52.33,-50.54,129.55,11.15
28.72,27950.2,-52.32,-50.53,129.58,11.11
28.71,27965.4,-52.3,-50.52,129.67,11.08
28.69,27980.6,-52.29,-50.51,129.75,11.06
28.67,27995.9,-52.27,-50.5,128.72,10.99
28.64,28011.1,-52.25,-50.49,127.71,10.92
28.62,28026.4,-52.24,-50.49,126.68,10.85
28.59,28041.6,-52.22,-50.48,125.63,10.78
28.56,28056.8,-52.2,-50.47,124.59,10.71
28.54,28072.1,-52.19,-50.46,124.23,10.68
28.52,28087.3,-52.17,-50.45,124.51,10.7
28.5,28102.6,-52.16,-50.44,124.82,10.74
28.48,28117.8,-52.15,-50.44,125.13,10.77
28.47,28133.0,-52.13,-50.43,125.44,10.8
28.45,28148.3,-52.12,-50.42,125.75,10.84
28.44,28163.5,-52.1,-50.42,126.06,10.87
28.42,28178.8,-52.09,-50.41,126.38,10.91
28.41,28194.0,-52.08,-50.41,126.69,10.94
28.4,28209.2,-52.07,-50.4,127.0,10.98
28.39,28224.5,-52.07,-50.4,127.36,11.01
28.38,28239.7,-52.06,-50.4,127.71,11.04
28.37,28255.0,-52.06,-50.39,128.06,11.08
28.36,28270.2,-52.05,-50.39,128.31,11.1
28.35,28285.4,-52.05,-50.39,128.16,11.1
28.34,28300.7,-52.04,-50.39,128.0,11.09
28.33,28315.9,-52.03,-50.38,127.85,11.08
28.32,28331.2,-52.03,-50.38,127.7,11.07
28.31,28346.4,-52.02,-50.38,127.14,11.05
28.3,28361.6,-52.02,-50.38,126.42,11.02
28.29,28376.9,-52.01,-50.37,125.63,10.97
28.28,28392.1,-52.01,-50.37,124.67,10.91
28.27,28407.4,-52.0,-50.37,123.68,10.84
28.26,28422.6,-52.0,-50.37,122.69,10.77
28.25,28437.8,-51.99,-50.36,121.67,10.71
28.24,28453.1,-51.99,-50.36,120.65,10.65
28.22,28468.3,-51.98,-50.36,119.66,10.58
28.21,28483.6,-51.98,-50.36,118.66,10.51
28.2,28498.8,-51.97,-50.35,118.11,10.48
28.19,28514.0,-51.97,-50.35,117.65,10.45
28.18,28529.3,-51.96,-50.35,117.2,10.43
28.17,28544.5,-51.96,-50.35,116.74,10.4
28.16,28559.8,-51.95,-50.34,116.31,10.38
28.15,28575.0,-51.95,-50.34,116.14,10.36
28.14,28590.2,-51.94,-50.34,115.97,10.35
28.13,28605.5,-51.94,-50.34,115.86,10.34
28.12,28620.7,-51.94,-50.34,115.83,10.33
28.12,28636.0,-51.93,-50.33,115.79,10.33
28.11,28651.2,-51.93,-50.33,115.75,10.32
28.1,28666.4,-51.93,-50.33,115.72,10.32
28.09,28681.7,-51.92,-50.33,115.68,10.31
28.09,28696.9,-51.92,-50.33,115.6,10.31
28.08,28712.2,-51.92,-50.33,115.48,10.3
28.08,28727.4,-51.92,-50.33,115.36,10.29
28.07,28742.6,-51.91,-50.33,115.24,10.28
28.06,28757.9,-51.91,-50.33,115.12,10.27
28.06,28773.1,-51.91,-50.33,115.0,10.26
28.05,28788.4,-51.91,-50.32,114.88,10.25
28.04,28803.6,-51.9,-50.32,114.7,10.23
28.04,28818.8,-51.9,-50.32,114.52,10.2
28.02,28834.1,-51.9,-50.32,113.44,10.14
28.01,28849.3,-51.89,-50.32,111.96,10.06
27.99,28864.6,-51.89,-50.32,110.44,9.97
27.99,28879.8,-51.89,-50.32,109.76,9.92
27.98,28895.0,-51.89,-50.32,109.29,9.84
27.97,28910.3,-51.89,-50.32,108.6,9.75
27.96,28925.5,-51.89,-50.32,107.91,9.65
27.95,28940.8,-51.88,-50.32,107.22,9.55
27.95,28956.0,-51.88,-50.32,106.53,9.46
27.94,28971.2,-51.88,-50.32,105.85,9.36
27.93,28986.5,-51.88,-50.32,105.16,9.26
27.92,29001.7,-51.88,-50.32,104.47,9.16
27.91,29017.0,-51.88,-50.32,103.78,9.07
27.91,29032.2,-51.87,-50.31,103.12,8.97
27.9,29047.4,-51.87,-50.32,102.9,8.95
27.9,29062.7,-51.87,-50.32,102.69,8.93
27.89,29077.9,-51.87,-50.32,102.48,8.9
27.89,29093.2,-51.87,-50.32,102.26,8.88
27.89,29108.4,-51.87,-50.32,102.05,8.86
27.88,29123.6,-51.87,-50.32,101.84,8.84
27.88,29138.9,-51.87,-50.32,101.62,8.81
27.88,29154.1,-51.88,-50.32,101.41,8.79
27.87,29169.4,-51.88,-50.32,101.2,8.77
27.87,29184.6,-51.88,-50.32,100.98,8.75
27.86,29199.8,-51.88,-50.32,100.76,8.72
27.86,29215.1,-51.88,-50.32,100.52,8.69
27.86,29230.3,-51.88,-50.32,100.28,8.66
27.86,29245.6,-51.88,-50.32,100.04,8.64
27.85,29260.8,-51.88,-50.32,99.79,8.61
27.85,29276.0,-51.88,-50.32,99.56,8.58
27.85,29291.3,-51.88,-50.32,99.34,8.55
27.85,29306.5,-51.88,-50.32,99.12,8.53
27.85,29321.8,-51.88,-50.32,98.9,8.5
27.85,29337.0,-51.88,-50.32,98.86,8.49
27.85,29352.2,-51.88,-50.33,98.87,8.49
27.84,29367.5,-51.88,-50.33,98.87,8.48
27.84,29382.7,-51.88,-50.33,98.88,8.48
27.84,29398.0,-51.88,-50.33,98.89,8.48
27.84,29413.2,-51.88,-50.33,98.85,8.47
27.84,29428.4,-51.88,-50.33,98.75,8.47
27.84,29443.7,-51.88,-50.33,98.66,8.47
27.84,29458.9,-51.89,-50.33,98.57,8.47
27.84,29474.2,-51.89,-50.33,98.48,8.47
27.83,29489.4,-51.89,-50.33,98.39,8.47
27.83,29504.6,-51.89,-50.33,98.3,8.46
27.83,29519.9,-51.89,-50.33,98.21,8.46
27.83,29535.1,-51.89,-50.33,98.11,8.46
27.83,29550.4,-51.89,-50.33,98.02,8.46
27.83,29565.6,-51.89,-50.33,97.93,8.46
27.82,29580.8,-51.89,-50.33,97.84,8.46
27.82,29596.1,-51.89,-50.33,97.75,8.45
27.82,29611.3,-51.89,-50.33,97.66,8.45
27.82,29626.6,-51.89,-50.33,97.56,8.45
27.82,29641.8,-51.89,-50.33,97.47,8.45
27.82,29657.0,-51.89,-50.33,97.38,8.45
27.82,29672.3,-51.89,-50.33,97.32,8.45
27.82,29687.5,-51.89,-50.33,97.32,8.45
27.82,29702.8,-51.89,-50.33,97.32,8.45
27.82,29718.0,-51.89,-50.33,97.32,8.45
27.82,29733.2,-51.89,-50.33,97.32,8.45
27.82,29748.5,-51.89,-50.33,97.32,8.45
27.82,29763.7,-51.89,-50.33,97.32,8.45
27.82,29779.0,-51.89,-50.33,97.32,8.45
27.82,29794.2,-51.89,-50.33,97.32,8.45
27.82,29809.4,-51.89,-50.33,97.32,8.45
27.82,29824.7,-51.89,-50.33,97.32,8.45
27.82,29839.9,-51.89,-50.33,97.32,8.45
27.82,29855.2,-51.89,-50.33,97.32,8.45
27.82,29870.4,-51.89,-50.33,97.32,8.45
27.82,29885.6,-51.89,-50.33,97.32,8.45
27.82,29900.9,-51.89,-50.33,97.32,8.45
27.82,29916.1,-51.89,-50.33,97.32,8.45
27.82,29931.4,-51.89,-50.33,97.32,8.45
27.82,29946.6,-51.89,-50.33,97.32,8.45
27.82,29961.8,-51.89,-50.33,97.32,8.45
27.82,29977.1,-51.89,-50.33,97.32,8.45
27.82,29992.3,-51.89,-50.33,97.32,8.45
27.82,30007.6,-51.89,-50.33,97.32,8.45
27.82,30022.8,-51.89,-50.33,97.32,8.45
27.82,30038.0,-51.89,-50.33,97.32,8.45
27.82,30053.3,-51.89,-50.33,97.32,8.45
27.82,30068.5,-51.89,-50.33,97.32,8.45
27.82,30083.8,-51.89,-50.33,97.32,8.45
27.82,30099.0,-51.89,-50.33,97.32,8.45
27.82,30114.2,-51.89,-50.33,97.32,8.45
27.82,30129.5,-51.89,-50.33,97.32,8.45
27.82,30144.7,-51.89,-50.33,97.32,8.45
27.82,30160.0,-51.89,-50.33,97.32,8.45
27.82,30175.2,-51.89,-50.33,97.32,8.45
27.82,30190.4,-51.89,-50.33,97.32,8.45
27.82,30205.7,-51.89,-50.33,97.32,8.45
27.82,30220.9,-51.89,-50.33,97.32,8.45
27.82,30236.2,-51.89,-50.33,97.32,8.45
27.82,30251.4,-51.89,-50.33,97.32,8.45
27.82,30266.6,-51.89,-50.33,97.32,8.45
27.82,30281.9,-51.89,-50.33,97.32,8.45
27.82,30297.1,-51.89,-50.33,97.32,8.45
27.82,30312.4,-51.89,-50.33,97.32,8.45
27.82,30327.6,-51.89,-50.33,97.32,8.45
27.82,30342.8,-51.89,-50.33,97.32,8.45
27.82,30358.1,-51.89,-50.33,97.32,8.45
27.82,30373.3,-51.89,-50.33,97.32,8.45
27.82,30388.6,-51.89,-50.33,97.32,8.45
27.82,30403.8,-51.89,-50.33,97.32,8.45
27.82,30419.0,-51.89,-50.33,97.32,8.45
27.82,30434.3,-51.89,-50.33,97.32,8.45
27.82,30449.5,-51.89,-50.33,97.32,8.45
27.82,30464.8,-51.89,-50.33,97.32,8.45
